:020000040800F2
:1000000000000220B1790008D11E0008D91E0008A6
:10001000E11E0008E91E0008F11E000800000000B3
:10002000000000000000000000000000F91E0008B1
:10003000071F000800000000151F0008231F00080C
:10004000057A0008057A0008057A0008057A000894
:10005000057A0008057A0008057A0008057A000884
:10006000057A00083D1F00082F1F0008057A0008C8
:10007000057A0008057A0008057A0008057A000864
:10008000057A0008057A0008057A0008057A000854
:10009000057A0008057A0008057A0008057A000844
:1000A000057A0008057A0008057A0008057A000834
:1000B000057A0008057A0008057A0008057A000824
:1000C000057A0008057A0008057A0008057A000814
:1000D000057A0008057A0008057A0008057A000804
:1000E000057A0008057A000800000000057A00087B
:1000F000057A0008057A0008057A0008057A0008E4
:10010000057A0008057A0008057A0008057A0008D3
:10011000057A0008057A0008057A0008057A0008C3
:10012000057A0008057A0008057A0008057A0008B3
:10013000057A0008057A0008057A0008057A0008A3
:1001400000000000000000000000000000000000AF
:10015000057A0008057A0008057A0008057A000883
:10016000057A0008057A0008057A0008057A000873
:10017000057A0008057A0008057A0008057A000863
:10018000057A0008057A0008057A0008057A000853
:10019000057A0008057A0008057A0008057A000843
:1001A000057A0008057A0008057A0008057A000833
:1001B000057A0008057A0008057A0008057A000823
:1001C000057A0008057A0008057A0008057A000813
:1001D000057A0008057A0008057A0008057A000803
:1001E000057A0008057A0008057A0008057A0008F3
:1001F000057A0008057A0008057A0008057A0008E3
:10020000057A0008057A0008057A0008057A0008D2
:10021000057A0008057A0008057A0008057A0008C2
:10022000057A0008057A0008057A00080000000039
:10023000057A0008057A000800000000057A000829
:10024000057A0008057A0008057A0008057A000892
:10025000057A0008057A0008057A0008057A000882
:10026000057A0008057A0008057A0008057A000872
:10027000057A0008057A0008057A000800000000E9
:10028000057A0008057A0008057A000800000000D9
:0802900000000000057A0008DF
:1002C00053B94AB9002908BF00281CBF4FF0FF31BD
:1002D0004FF0FF3000F00CB8ADF1080C6DE904CE22
:1002E00007F092FBDDF804E0DDE9022304B070477B
:1002F000704700BF00000000000000000000000088
:1003000030B490F800F020F007016FF0000C10F00E
:10031000070491F820F040F048804FF000046FF09F
:100320000700D1E9002391F840F000F1080082FABB
:100330004CF2A4FA8CF283FA4CF3A2FA8CF34BBB86
:10034000D1E9022382FA4CF200F10800A4FA8CF2FF
:1003500083FA4CF3A2FA8CF3E3B9D1E9042382FACD
:100360004CF200F10800A4FA8CF283FA4CF3A2FAE2
:100370008CF37BB9D1E9062301F1200182FA4CF21A
:1003800000F10800A4FA8CF283FA4CF3A2FA8CF381
:10039000002BC6D0002A04BF04301A4612BAB2FAA3
:1003A00082F200EBD20030BC7047D1E9002304F0A8
:1003B0000305C4F100004FEAC50514F0040F91F8DD
:1003C00040F00CFA05F562EA05021CBF63EA05037A
:1003D00062464FF00004AAE70000000000000000A1
:1003E00001F0FF01102A2BDB10F0070F08D010F8E6
:1003F000013B013A8B422DD010F0070F42B3F6D1EA
:10040000F0B441EA012141EA014122F007047FF002
:1004100000070023F0E80256083C85EA010586EA59
:10042000010685FA47F5A3FA87F586FA47F6A5FA95
:1004300087F68EB9EED1F0BC01F0FF0102F00702A1
:1004400032B110F8013B013A83EA010313B1F8D14C
:100450000020704701387047002D06BF354603382D
:10046000073815F0010F07D1013015F4807F02BF66
:10047000013015F4C03F0130F0BC0138704700BFB7
:10048000844641EA000313F003036DD1403A41D39F
:1004900051F8043B40F8043B51F8043B40F8043B5E
:1004A00051F8043B40F8043B51F8043B40F8043B4E
:1004B00051F8043B40F8043B51F8043B40F8043B3E
:1004C00051F8043B40F8043B51F8043B40F8043B2E
:1004D00051F8043B40F8043B51F8043B40F8043B1E
:1004E00051F8043B40F8043B51F8043B40F8043B0E
:1004F00051F8043B40F8043B51F8043B40F8043BFE
:1005000051F8043B40F8043B51F8043B40F8043BED
:10051000403ABDD2303211D351F8043B40F8043B8D
:1005200051F8043B40F8043B51F8043B40F8043BCD
:1005300051F8043B40F8043B103AEDD20C3205D39D
:1005400051F8043B40F8043B043AF9D2043208D095
:10055000D2071CBF11F8013B00F8013B01D30B8807
:1005600003806046704700BF082A13D38B078DD0E5
:1005700010F003038AD0C3F10403D21ADB071CBFB7
:1005800011F8013B00F8013B80D331F8023B20F821
:10059000023B7BE7043AD9D3013A11F8013B00F85A
:1005A000013BF9D20B7803704B7843708B788370E2
:1005B000604670470348044B834202D0034B03B1AB
:1005C00018477047E4060020E40600200000000001
:1005D0000548064B1B1AD90F01EBA301491002D0A5
:1005E000034B03B118477047E4060020E4060020DF
:1005F0000000000010B5064C237843B9FFF7DAFF7E
:10060000044B13B10448AFF300800123237010BDE5
:10061000E40600200000000074D6000808B5054B71
:100620001BB105490548AFF30080BDE80840FFF75E
:10063000CFBF00BF00000000E806002074D600080D
:10064000024A0349034800F0C9B800BF0000002077
:10065000CD120008100000200C4B4168994210B5E3
:10066000044601D000F032FEA168094B994202D045
:10067000204600F02BFEE168064B994204D020464C
:10068000BDE8104000F022BE10BD00BF00070020F2
:1006900068070020D00700202DE9F843314A324C8A
:1006A0003249DFF8DC90DFF8DC80314F1160002543
:1006B00004232946082204F15C00C4E903352D4EC9
:1006C000A560C4E90055C4E90555656600F0F0F879
:1006D00004F15800C4E90749C4E90987E66200F05B
:1006E000B1F92946244B6367082204F1C400C4E928
:1006F0001A55C4E91E552567C4F8CC50C4F880507B
:1007000000F0D6F804F1680304F1C000C4F88430A6
:10071000C4E92298C4E9247600F094F9174BC4F890
:10072000DC30294604F596700822C4E93455C4E942
:100730003855C4F8D850C4F83451C4F8E85000F023
:10074000B7F804F1D003C4E93D87C4F8F09004F58C
:100750009470C4F8FC60C4F8EC30BDE8F84300F0D5
:1007600071B900BF380800200007002041060008CA
:1007700085080008A908000809000100120002000D
:10078000210800084508000810B504460A4800F092
:100790005DF9636B23B9094B094A1B68626323B196
:1007A000BDE81040044800F053B9FFF775FFBDE8FD
:1007B0001040014800F04CB94808002038080020DB
:1007C00059060008014800F041B900BF4808002060
:1007D000014800F03DB900BF480800202DE9F8436A
:1007E0000746884616464FF00009D6E90154013DF8
:1007F00010D4A389012B08D9B4F90E300133214656
:10080000384602D0C04749EA0009013D6B1C04F19B
:100810006804EED13668002EE7D14846BDE8F8837B
:1008200010B50C46B1F90E1000F0B8F8002803DB43
:10083000236D0344236510BDA38923F48053A38152
:1008400010BD00BF2DE9F0410C46B1F90C101F4658
:10085000CB05054616460BD421F48051A1813B46B9
:10086000B4F90E1032462846BDE8F04100F0ACB8AD
:10087000B4F90E100223002200F07AF8B4F90C103B
:10088000EAE700BF10B50C46B1F90E1000F070F8A1
:10089000B4F90C30421C0EBF23F4805343F4805350
:1008A0002065A38110BD00BFB1F90E1000F04EB855
:1008B000830730B546D08418844604E003F8011B52
:1008C0009D0704D09C46A4456346F7D130BD013A4C
:1008D0000244A2EB0C02032A29D9CCB204EB042473
:1008E0000F2A04EB04442FD9A2F1100C2CF00F0CAA
:1008F00003F11005AC44C3E90044C3E902441033DA
:100900006345F8D112F00C0F02F00F0E18D02EF044
:10091000030C9C44AEF104051A4642F8044B6245B0
:10092000FBD125F0030404330EF003022344002A14
:10093000CCD0C9B21A4403F8011B9342FBD130BD9D
:100940007246F4E70346C6E79646E0E738B5074D3A
:100950000022044608462A6006F0F6FF431C00D039
:1009600038BD2B68002BFBD0236038BD3C0800202D
:1009700038B50D46084C8446114628461A460023D1
:100980002360654607F007F8431C00D038BD236894
:10099000002BFBD02B6038BD3C08002038B50D463D
:1009A000084C8446114628461A46002323606546B3
:1009B00006F091FF431C00D038BD2368002BFBD00C
:1009C0002B6038BD3C08002038B50D46084C8446E5
:1009D000114628461A4600232360654606F098FF14
:1009E000431C00D038BD2368002BFBD02B6038BDE2
:1009F0003C08002070B50F4B0F4DAB42A3EB050632
:100A000007D0B610002455F8043B01349847A6429D
:100A1000F9D80CF02FFE094D094B5E1BAB424FEA93
:100A2000A60606D0002455F8043B01349847A64298
:100A3000F9D870BD44DB000844DB000844DB000843
:100A40004CDB0008704700BF704700BF704700BF15
:100A5000704700BF024B13B1024800F005B8704761
:100A60000000000039150008002301461A46184608
:100A700000F084BD2DE9F84306460820894600F0C1
:100A80006FFDDFF8A4800546304600F013FCD8F86F
:100A900008305F6827F00307A7F11104A4EB0904ED
:100AA0002C44B4FBF5F4013C05FB04F4A54208DC3E
:100AB0000021304600F02EFDD8F808303B44984223
:100AC00005D0304600F0FCFB0020BDE8F883614211
:100AD000304600F01FFD01300FD0114AD8F8083021
:100AE0003F1B47F001075F60136830461B1B136014
:100AF00000F0E6FB0120BDE8F8830021304600F05D
:100B000009FDD8F80820831A0F2BDADD43F0010322
:100B10005360044B02491B68C01A0860D1E700BF4C
:100B200050080020540100206001002000295BD003
:100B3000F8B50C46074600F0BDFB54F804CC744DE4
:100B4000A4F108022CF00103D118A8684E6888426D
:100B500026F003060CF0010E7ED088194E60406826
:100B600000F00100BEF1000F2FD154F8084C121B09
:100B70002344946805F1080C644562D0D2F80CE077
:100B8000C4F80CE0CEF8084000287FD043F0010004
:100B900050600B60B3F5007F2FD2D90868685C09FC
:100BA0000131012309B2A34003436B6055F83100C2
:100BB000906005EBC103083BD36045F83120C2606B
:100BC0003846BDE8F84000F07BBB70B9334405F10E
:100BD000080C8868604543F0010471D0C968C160A1
:100BE00088605460D350D5E770474CF00101B3F5ED
:100BF000007F44F8041CD350CFD3B3F5206F4FEAE5
:100C0000532045D2980900F1390109B200F13804A6
:100C1000C900681869580838884203D157E08968C4
:100C2000884204D04C6824F003049C42F7D8C8687A
:100C3000C2E9021082603846CA60BDE8F84000F0A0
:100C40003FBB88BB1E44D1E90213CB60996046F0DC
:100C5000010353609651B3E71E44BEF1000F07D164
:100C600054F8083CD21A1E44D2E90213CB609960B2
:100C700046F001035360274BAA601B68B3429FD81C
:100C8000254B38461968FFF7F5FE99E73344A0E78E
:100C900014280ED9542821D8180B00F16F0109B27D
:100CA00000F16E04C900B4E743F0010050600B602E
:100CB00086E700F15C0109B200F15B04C900A8E716
:100CC000C5E90422C2E902CC5460D35078E76E68CB
:100CD000A4100123A34033436B60A9E7B0F5AA7FBA
:100CE00007D8D80B00F1780109B200F17704C900E8
:100CF0008FE740F25451884206D8980C00F17D01EC
:100D000000F17C04C90084E74FF47E717E2480E703
:100D10006001002058010020800800202DE9F04FDC
:100D200001F10B05162D83B0064623D8102900F2D9
:100D3000B48000F0BFFA102518230220B84F3B44BE
:100D4000A3F108025C68944200F064816368E26881
:100D5000A16823F00303CA602344304691605A68B7
:100D600042F001025A6000F0ABFA0834204603B0AA
:100D7000BDE8F08F35F0070500F18F80A94200F241
:100D80008C8000F097FAB5F5FC7FC0F0B8815FEA7F
:100D9000552E00F08980BEF1040F00F270814FEAF9
:100DA000951E0EF1390003B20EF1380EDB009C4F98
:100DB0003B44A3F1080C5C68A44507D10DE0002A70
:100DC000E16880F221818C4507D00C46636823F0EE
:100DD00003035A1B0F2AF2DD7046DFF85C823C6980
:100DE000444500F0FE80636823F0030CACEB050380
:100DF0000F2B00F38981002BC7E9048880F27381EF
:100E0000BCF5007FD7F804E080F018814FEADC03DE
:100E1000013319B24FEA5C1C012303FA0CF357F8B3
:100E20003120A2604EEA030E07EBC103083BE360EA
:100E3000C7F804E047F83140D46083104FF0010C4C
:100E40000CFA03FCF44535D81CEA0E0F08D120F04B
:100E500003004FEA4C0C1CEA0E0F00F10400F8D01E
:100E600007EBC00AD6468146DEF80C300BE0596825
:100E700021F003014A1B0F2A1C46DB6800F30F8197
:100E8000002A80F223819E45F1D109F1010919F070
:100E9000030F0EF1080EE7D161E10C23336000244B
:100EA000204603B0BDE8F08F4FF4007340204FF0B0
:100EB0003F0E7CE7BC68636823F00309A94504D3AF
:100EC000A9EB05030F2B00F38F80564B1B680820FE
:100ED00003F1100804EB0903009300F041FB524AB0
:100EE00013680133A844834605D008F1FF388044D5
:100EF000434203EA08084146304600F00BFBB0F1DC
:100F0000FF3F494A824600F01B8104EB09038342FC
:100F100000F21481454B186840440BF1FF3C186007
:100F200000F072811168013100F07A8104EB09024E
:100F3000AAEB020202441A601AF00702CDE900236C
:100F400000F03281C2F108029244D04408EA0C0158
:100F50005A44521A02EA0C0B5946304600F0DAFAAB
:100F6000421C019B00F07981A0EB0A0000EB0B080A
:100F70001868C7F808A048F001025844BC42CAF8F3
:100F80000420186016D0B9F10F0F40F24C8161684F
:100F9000A9F10C0222F0070201F001011143616086
:100FA0004FF0050CA1180F2AC1E901CC00F25D81B8
:100FB000DAF804201E4B1968814238BF18601D4BB7
:100FC0001968814238BF1860544622F00308A845CA
:100FD000A8EB050301D30F2B06DC304600F070F9B7
:100FE0005DE7D7F804E028E7621943F0010345F014
:100FF000010565603046BA60536000F061F908345D
:10100000204603B0BDE8F08FA2682344D16030468B
:101010008A60A4E6DC68A3427FF498AE0230DCE686
:1010200060010020800800205401002050080020AA
:101030007C0800207808002068010020BCF5206FA3
:101040004FEA5C2272D3142A00F2C18002F15C03E1
:101050001BB25B32DB00F918FB580839994203D107
:1010600098E09B68994204D05A6822F003026245D6
:10107000F7D8D968C4E902318C60DC60DDE6BEF1E6
:10108000140F60D9BEF1540F00F2AB804FEA153E49
:101090000EF16F0003B20EF16E0EDB0087E6D4F89E
:1010A00008C03046661945F001056560CCF80C3083
:1010B000C3F808C042F00103C7E90466C6E9028824
:1010C0007360625000F0FCF80834E9E621443046D1
:1010D0004A6842F001024A6054F8082FD3609A60CF
:1010E00000F0EEF8DCE6A4443046DCF8043043F0CF
:1010F0000103CCF8043000F0E3F80834D0E6E80847
:10110000431C1BB2DB0019E6621943F0010145F0F4
:10111000010565603046C7E90422C2E902885160D2
:1011200044F80C3000F0CCF80834B9E64FEA9C12D1
:1011300002F139031BB23832DB008CE7BC425CD0D1
:10114000BC68626841E70EF15C0003B20EF15B0E11
:10115000DB002CE65AF80839534540F0A68010F021
:10116000030F00F1FF30F5D17B6823EA0C037B60AD
:101170004FEA4C0C9C453FF69DAEBCF1000F04D1EC
:1011800098E64FEA4C0C09F104091CEA030FF8D069
:10119000484665E692104FF0010C0CFA02F24EEA56
:1011A000020EC7F804E065E70AEB080202EA0C0247
:1011B000ABEB020202EA0C0B5946304600F0AAF9EA
:1011C000431C019B7FF4D0AEDDF800B0D0E6542A7A
:1011D0002DD84FEA1C3202F16F031BB26E32DB00D6
:1011E00039E7BEF5AA7F2DD84FEAD53E0EF178003B
:1011F00003B20EF1770EDB00D9E52D4B18684044A1
:101200000BF1FF3C18608DE61AEA0C0F7FF48AAEF2
:10121000D7F808A0C84448F00102CAF80420C9E67B
:10122000C2F800A088E60123CAF80430D5E6B2F57A
:10123000AA7F25D84FEADC3202F178031BB277325D
:10124000DB0008E740F254539E4524D8AB0C03F171
:101250007D0003F17C0EC300A9E5009A083A904492
:10126000A8EB0A084FF0000B82E6304604F10801B3
:101270000093FFF75BFC009BD7F808A0186897E67F
:1012800040F254539A420CD84FEA9C4202F17D033B
:10129000DB007C32DFE64FF47E737F204FF07E0E62
:1012A00085E54FF47E737E22D5E67B6860E700BF5C
:1012B000500800200148FFF7C9BB00BF40080020CC
:1012C0000148FFF7C5BB00BF4008002070B50029EA
:1012D0003FD006460C4610B1436B002B3CD0636EEA
:1012E000B4F90C20DD0732D4900538D521463046BC
:1012F00000F04CF8E36A054633B1E169304698479F
:101300000028B8BF4FF0FF35A3891A0639D4216BE6
:1013100041B104F14003994202D03046FFF706FC88
:1013200000232363616C21B13046FFF7FFFB0023EC
:101330006364FFF747FA636E0022DB07A2811CD5C6
:10134000A06DFFF781FBFFF743FA284670BD002A26
:10135000CCD10025284670BDFFF716FABFE7A06D77
:10136000FFF774FBB4F90C30002BBFD1636ED907C3
:10137000EFD4A06DFFF76CFBEBE7A06DFFF768FB08
:10138000DEE721693046FFF7D1FBC0E7B1F90C2059
:101390002DE9F04115070C4680464ED4496842F4C9
:1013A00000630029A38163DDA66A002E42D00021DC
:1013B00012F48052D8F80050C8F8001065D1E169E5
:1013C00001234046B0470246501C6CD0B4F90C30A3
:1013D000A66A590705D56368D21A236B0BB1E36B74
:1013E000D21A0023E1694046B047421CB4F90C30E0
:1013F0004DD1D8F800101D2940D8304ACA40D7072F
:101400003CD52269226023F40062A281DE044FF001
:101410000002626001D5002943D0216BC8F800505A
:1014200041B104F14003994202D04046FFF77EFBF0
:10143000002323630020BDE8F0810E69002EF9D05F
:101440000D680E6092070CBF4B690023AD1B8B60CB
:101450000BE02B463246E169676A4046B847B0F177
:10146000000CA5EB0C05664406DD002DF1DCE1E780
:10147000E16B002998DCDDE7B4F90C3043F0400360
:10148000A3814FF0FF30BDE8F081226DA1E7226912
:10149000226023F40062A281DB044FF0000262604C
:1014A000BBD52065B9E7D8F80030002B8ED01D2BB6
:1014B00001D0162BE0D1C8F80050BBE70100402056
:1014C00038B50C46054608B1436B03B3B4F90C00BC
:1014D00088B1636EDB0701D481050FD5284621460C
:1014E000FFF754FF636EDA07054602D4A3899B0514
:1014F00008D5284638BD0546284638BDA06DFFF7FB
:10150000A5FAEBE7A06DFFF7A3FA284638BDFFF771
:101510003BF9DBE738B5074D0022044608462A6050
:1015200006F080F9431C00D038BD2B68002BFBD09F
:10153000236038BD3C08002038B5074D074C2C1BF4
:10154000A41005D0013C55F8043D9847002CF9D172
:10155000BDE838400CF094B850DB00084CDB0008C4
:10156000082802D14FF48050704708B500F046F8C3
:10157000162303604FF0FF3008BD00BF2DE9F8438C
:101580001B4D0646286898460F469146FFF75EFABF
:10159000184B1C681CB3286865681F2D22DC4EB9E7
:1015A0006B1C0235636044F82570FFF751FA002088
:1015B000BDE8F88304EB85010123C1F88890D4F8D5
:1015C0008821AB401A43022EC4F88821C1F8088153
:1015D000E6D1D4F88C211A43C4F88C21E0E7064CFC
:1015E0001C60D8E7FFF734FA4FF0FF30E0E700BFA8
:1015F000500100204C08002084080020014B18688E
:10160000704700BF0C00002080B487B000AF786046
:1016100000233B617B6803F40003002B04D07B684C
:1016200043F07F437B6101E07B687B617B6907EE70
:10163000903AF8EEE77A9FED0A7A27EE877ADFEDA7
:10164000096AC7EE267AC7ED037AFB6807EE903A7F
:10165000B0EE670A1C37BD465DF8047B704700BFDB
:101660006F1203400000004B80B594B002AF0346F8
:10167000FB71FB7987F8443007F1400207F1440120
:101680006423009301230D4804F084FA0346002BE1
:1016900001D000F017FC97F844301A4697F8403014
:1016A00007F10C00064906F02BFB07F10C03184666
:1016B00000F0C2FA00BF4837BD4680BD680A00206E
:1016C00090D6000880B586B002AF0346FB71FB7967
:1016D0003B7307F1080207F10C0164230093012317
:1016E000064804F057FA0346002B01D000F0EAFB4D
:1016F0003B7A18461037BD4680BD00BF680A0020FF
:1017000080B500AF00F0B2FB04F05EF800F07CF8AA
:1017100000F0F6F800F034F900F0A4F9374800F0D2
:101720008BFA012004F0E2F800221021344803F083
:10173000DDFF0620FFF798FF012004F0D7F84320D3
:10174000FFF792FF0020FFF78FFFD420FFF78CFFF9
:101750001720FFF789FFA020FFF786FF012004F084
:10176000C5F82320FFF780FF012004F0BFF8082010
:10177000FFF77AFF012004F0B9F801221021204878
:1017800003F0B4FF012004F0B1F81E4800F054FA51
:10179000002220211A4803F0A9FF0620FFF764FF6A
:1017A000012004F0A3F84320FFF75EFF0020FFF7BD
:1017B0005BFFD420FFF758FF1720FFF755FFA0204D
:1017C000FFF752FF012004F091F82320FFF74CFFB0
:1017D000012004F08BF80820FFF746FF012004F0F9
:1017E00085F801222021064803F080FF012004F043
:1017F0007DF800F083F900BFFDE700BFACD600081C
:1018000000040258BCD6000880B59CB000AF07F1B8
:1018100024034C2200211846FFF74AF83B1D2022E2
:1018200000211846FFF744F8022003F093FF00233D
:101830003B60314BDB6A304A23F00103D3622E4B0D
:10184000DB6A03F001033B602C4B9B6923F44043AC
:101850002A4A43F480439361284B9B6903F4404335
:101860003B603B6800BF254B9B6903F40053B3F515
:10187000005FF8D102237B6201233B6340237B633B
:101880000223BB640023FB6404233B650A237B65BE
:101890000223BB650223FB6502233B660C237B66A8
:1018A0000223BB660023FB6607F12403184600F001
:1018B0005BFF0346002B01D000F004FB3F237B605D
:1018C0000023BB600023FB6000233B6100237B619E
:1018D0004023BB610023FB6100233B623B1D0121D0
:1018E000184601F09BFB0346002B01D000F0EAFAFA
:1018F00000BF7037BD4680BD000400580048025844
:1019000080B500AF1B4B1C4A1A601A4B1B4A5A6029
:10191000184B00229A60174B0122DA60154B002207
:101920001A61144B00225A61124B00229A61114B2A
:101930000022DA610F4B00221A620E4800F0E0FD2F
:101940000346002B01D000F0BDFA0021094800F049
:1019500073FE0346002B01D000F0B4FA00210548C5
:1019600000F0B5FE0346002B01D000F0ABFA00BF3B
:1019700080BD00BF140A002000540040BB7C7000F2
:1019800080B586B000AF344B344A1A60324B4FF406
:1019900080025A60304B00229A602F4B0722DA6097
:1019A0002D4B00221A612C4B4FF080725A612A4B4A
:1019B0004FF080629A61284B4FF08042DA61264BEB
:1019C00000221A62244B00225A62234B00229A62A0
:1019D000214B0722DA62204B00225A631E4B002261
:1019E000DA631D4B4FF000425A651B4803F0AEFF0F
:1019F0000346002B01D000F065FA3B1D00221A605F
:101A00005A609A60DA601A6110237B600123BB6020
:101A10000123FB6002233B613B1D1946104803F084
:101A2000B5FC012210210E4803F060FE20237B60EC
:101A30000123BB600123FB6002233B613B1D194670
:101A4000074803F0A3FC01222021054803F04EFEC5
:101A500000BF1837BD4680BD680A00200030014035
:101A60000004025880B500AF224B234A1A60214B74
:101A70004FF4E1325A601F4B00229A601D4B002246
:101A8000DA601C4B00221A611A4B0C225A61194B66
:101A900000229A61174B0022DA61164B00221A626B
:101AA000144B00225A62134B00229A62114804F030
:101AB00094FC0346002B01D000F004FA00210D48ED
:101AC00005F02DFD0346002B01D000F0FBF90021AD
:101AD000084805F062FD0346002B01D000F0F2F942
:101AE000044805F0E1FC0346002B01D000F0EAF9C0
:101AF00000BF80BDF00A0020004C004080B58AB0D5
:101B000000AF07F1140300221A605A609A60DA608D
:101B10001A61464BD3F8E030444A43F01003C2F850
:101B2000E030424BD3F8E03003F010033B613B69F7
:101B30003E4BD3F8E0303D4A43F08003C2F8E0303A
:101B40003A4BD3F8E03003F08003FB60FB68374B7F
:101B5000D3F8E030354A43F00103C2F8E030334BAC
:101B6000D3F8E03003F00103BB60BB682F4BD3F820
:101B7000E0302E4A43F00803C2F8E0302B4BD3F894
:101B8000E03003F008037B607B68284BD3F8E0303B
:101B9000264A43F00203C2F8E030244BD3F8E03089
:101BA00003F002033B603B6800220821204803F059
:101BB0009DFD08237B610123BB610023FB610023A2
:101BC0003B6207F114031946194803F0DFFB1023A9
:101BD0007B614FF48813BB610123FB6107F11403A0
:101BE0001946144803F0D2FB002201210A2000F01C
:101BF000DAFB0A2000F0F1FB08237B614FF4881325
:101C0000BB610123FB6107F114031946094803F086
:101C1000BDFB00220121092000F0C5FB092000F0D6
:101C2000DCFB00BF2837BD4680BD00BF0044025822
:101C300000100258000C025880B582B000AF7860E6
:101C40007868FEF75DFB03469AB26423796803481F
:101C500004F013FC00BF0837BD4680BDF00A002029
:101C600080B59AB002AF0346FB80FB88402B76D14B
:101C700000221021764803F039FD0023FB64FF2089
:101C8000FFF720FD034687F84B30FF20FFF71AFDD2
:101C9000034687F84A30FF20FFF714FD034687F814
:101CA0004930012210216A4803F020FD97F84B309B
:101CB0001A0497F84A301B021A4397F84930134325
:101CC000FB64F86CFFF7A0FC87ED110AD7ED117AE1
:101CD0009FED607A67EE877AB7EEE77A9FED566BF5
:101CE00037EE067BF7EEC77BC7ED107A5A4B93EDC4
:101CF000007AD7ED107A77EE277A574BC3ED007A4A
:101D0000564B1B680133554A1360544B1B68002B1C
:101D100000F08C80504BD3ED006A504B1B6807EEEF
:101D2000903AB8EE677AC6EE877AC7ED0F7AD7EDAC
:101D3000107AB7EEE77A07F1080053EC172B484901
:101D400005F0DEFF07F108031846FFF775FF424B69
:101D50004FF000021A60414B00221A6066E0FB88D7
:101D6000082B63D100222021394803F0BFFC002357
:101D7000FB65FF20FFF7A6FC034687F85B30FF20DA
:101D8000FFF7A0FC034687F85A30FF20FFF79AFCC4
:101D9000034687F85930012220212D4803F0A6FC84
:101DA00097F85B301A0497F85A301B021A4397F8D9
:101DB00059301343FB65F86DFFF726FC87ED150AD4
:101DC000D7ED157A9FED277A67EE877AB0EE087A1D
:101DD00067EE877AB7EEE77A9FED196B37EE067BF1
:101DE000F7EEC77BC7ED147AD7ED147AB7EEE77A32
:101DF0009FED156BB4EEC67BF1EE10FA00DC15E03A
:101E0000D7ED147AB7EEE76AD7ED157AB7EEE77A31
:101E100007F108008DED007B53EC162B124905F0FD
:101E20006FFF07F108031846FFF706FF00BF603792
:101E3000BD4680BDAFF300808B6CE7FBA9F1D23FBC
:101E40004260E5D022DBC93F9A9999999999B93FA7
:101E50000004025800007A45880B0020840B002003
:101E6000D4D6000800404744ECD6000880B584B0C2
:101E700000AF3B4600221A605A609A60DA6000F0B8
:101E8000C7FA01233B7000237B7000237B601F2374
:101E90003B7287237B720023BB720023FB720123FA
:101EA0003B7301237B730023BB730023FB733B460F
:101EB000184600F0E5FA042000F0C2FA00BF10371F
:101EC000BD4680BD80B400AF72B600BF00BFFDE765
:101ED00080B400AF00BFFDE780B400AF00BFFDE7F6
:101EE00080B400AF00BFFDE780B400AF00BFFDE7E6
:101EF00080B400AF00BFFDE780B400AF00BFBD46B7
:101F00005DF8047B704780B400AF00BFBD465DF84C
:101F1000047B704780B400AF00BFBD465DF8047B12
:101F2000704780B500AF03F0C1FC00BF80BD80B535
:101F300000AF102003F0F3FB00BF80BD80B500AF01
:101F4000082003F0ECFB00BF80BD000080B483B02C
:101F500000AF0A4BD3F8F430084A43F00203C2F84A
:101F6000F430064BD3F8F43003F002037B607B6857
:101F700000BF0C37BD465DF8047B70470044025833
:101F800080B5BAB000AF786007F1D40300221A60C0
:101F90005A609A60DA601A6107F11003C0220021CA
:101FA0001846FEF785FC7B681B68264A934245D19C
:101FB0004FF008024FF00003C7E904230023C7F8DD
:101FC000943007F11003184601F0B4FB0346002BD0
:101FD00001D0FFF777FF1C4BD3F8E0301A4A43F0EB
:101FE0000203C2F8E030184BD3F8E03003F00203EC
:101FF000FB60FB68C023C7F8D4301223C7F8D83081
:102000000023C7F8DC300023C7F8E0300423C7F80A
:10201000E43007F1D40319460C4803F0B7F90A4B32
:10202000D3F8E830084A43F40013C2F8E830064B0E
:10203000D3F8E83003F40013BB60BB6800BFE83797
:10204000BD4680BD005400400044025800040258C0
:1020500080B5BAB000AF786007F1D40300221A60EF
:102060005A609A60DA601A6107F11003C0220021F9
:102070001846FEF71DFC7B681B68264A934244D134
:102080004FF480524FF00003C7E9042300233B675D
:1020900007F11003184601F04DFB0346002B01D059
:1020A000FFF710FF1C4BD3F8F0301B4A43F480536A
:1020B000C2F8F030184BD3F8F03003F48053FB60D3
:1020C000FB68154BD3F8E030134A43F00103C2F824
:1020D000E030114BD3F8E03003F00103BB60BB6884
:1020E000E023C7F8D4300223C7F8D8300023C7F85C
:1020F000DC300023C7F8E0300523C7F8E43007F1EF
:10210000D4031946054803F041F900BFE837BD463E
:1021100080BD00BF0030014000440258000002585A
:1021200080B5BAB000AF786007F1D40300221A601E
:102130005A609A60DA601A6107F11003C022002128
:102140001846FEF7B5FB7B681B68264A934245D1CB
:102150004FF002024FF00003C7E904230023C7F841
:10216000883007F11003184601F0E4FA0346002B0B
:1021700001D0FFF7A7FE1C4BD3F8E8301A4A43F40E
:102180000023C2F8E830184BD3F8E83003F40023FA
:10219000FB60FB68144BD3F8E030134A43F00103B3
:1021A000C2F8E030104BD3F8E03003F00103BB601D
:1021B000BB680323C7F8D4300223C7F8D830002304
:1021C000C7F8DC300023C7F8E0300823C7F8E43054
:1021D00007F1D4031946054803F0D8F800BFE837E3
:1021E000BD4680BD004C004000440258000002582B
:1021F00080B485B000AF78607B6803F00703FB60B4
:102200000B4BDB68BB60BA684FF6FF031340BB6043
:10221000FB681A02BB681A43064B1343BB60044AAF
:10222000BB68D36000BF1437BD465DF8047B7047C0
:1022300000ED00E00000FA0580B400AF044BDB685D
:102240001B0A03F007031846BD465DF8047B704780
:1022500000ED00E080B483B000AF0346FB80B7F927
:102260000630002B0BDBFB8803F01F020749B7F990
:1022700006305B09012000FA02F241F8232000BF7A
:102280000C37BD465DF8047B704700BF00E100E0FD
:1022900080B483B000AF03463960FB80B7F90630E5
:1022A000002B0ADB3B68DAB20C49B7F906301201A1
:1022B000D2B20B4483F800230AE03B68DAB2084943
:1022C000FB8803F00F03043B1201D2B20B441A76D1
:1022D00000BF0C37BD465DF8047B704700E100E0AD
:1022E00000ED00E080B489B000AFF860B9607A60BA
:1022F000FB6803F00703FB61FB69C3F10703042BD1
:1023000028BF0423BB61FB690433062B02D9FB6998
:10231000033B00E000237B614FF0FF32BB6902FA10
:1023200003F3DA43BB681A407B699A404FF0FF31F0
:102330007B6901FA03F3D9437B680B4013431846CA
:102340002437BD465DF8047B7047000080B582B03D
:1023500000AF78607B68013BB3F1807F01D301233C
:102360000FE00A4A7B68013B53600F214FF0FF30BA
:10237000FFF78EFF054B00229A60044B07221A607C
:10238000002318460837BD4680BD00BF10E000E0BE
:1023900080B582B000AF78607868FFF729FF00BF92
:1023A0000837BD4680BD80B586B000AF0346B96032
:1023B0007A60FB81FFF740FF78617A68B9687869D5
:1023C000FFF790FF0246B7F90E3011461846FFF7A7
:1023D0005FFF00BF1837BD4680BD80B582B000AF3B
:1023E0000346FB80B7F906301846FFF733FF00BFFE
:1023F0000837BD4680BD80B582B000AF7860786890
:10240000FFF7A4FF034618460837BD4680BD00000D
:1024100080B400AFBFF35F8F00BF074B5B6A064A13
:1024200023F480335362054B00225A6000BFBD463F
:102430005DF8047B704700BF00ED00E090ED00E028
:1024400080B483B000AF78600B4A7B6843F001032F
:1024500053600A4B5B6A094A43F480335362BFF30B
:102460004F8F00BFBFF36F8F00BF00BF0C37BD465B
:102470005DF8047B704700BF90ED00E000ED00E0E8
:1024800080B483B000AF78607B685A781B4B9A6049
:102490001A4B1B69194A23F001031361174A7B6821
:1024A0005B68D3607B681B7B1A077B68DB7A1B0643
:1024B0001A437B689B7ADB041A437B685B7B9B0433
:1024C0001A437B689B7B5B041A437B68DB7B1B04A2
:1024D0001A437B685B7A1B021A437B681B7A5B009A
:1024E00013437A6812781146044A0B43136100BF04
:1024F0000C37BD465DF8047B704700BF90ED00E0EF
:1025000080B582B000AF78607B68002B01D10123D9
:102510008BE07B6893F84130DBB2002B06D17B68FF
:10252000002283F840207868FFF72AFD7B68242288
:1025300083F841207B681B681A687B681B6822F05F
:1025400001021A607B685A687B681B6822F070621F
:102550001A617B681B689A687B681B6822F40042DA
:102560009A607B68DB68012B07D17B689A687B687F
:102570001B6842F400429A6006E07B689A687B68B8
:102580001B6842F404429A607B68DB68022B08D126
:102590007B681B685A687B681B6842F400625A605B
:1025A00007E07B681B685A687B681B6822F400623E
:1025B0005A607B681B6859687B681A681D4B0B431F
:1025C00053607B681B68DA687B681B6822F40042F2
:1025D000DA607B681A697B685B6942EA03017B68A1
:1025E0009B691A027B681B680A43DA607B68D969B9
:1025F0007B681A6A7B681B680A431A607B681B68E1
:102600001A687B681B6842F001021A607B6800222E
:102610005A647B68202283F841207B6800221A6379
:102620007B68002283F84220002318460837BD4605
:1026300080BD00BF0080000280B483B000AF78602E
:1026400039607B6893F84130DBB2202B38D17B684E
:1026500093F84030012B01D1022332E07B68012244
:1026600083F840207B68242283F841207B681B6824
:102670001A687B681B6822F001021A607B681B687D
:102680001A687B681B6822F480521A607B681B689A
:1026900019687B681B683A680A431A607B681B6884
:1026A0001A687B681B6842F001021A607B6820226E
:1026B00083F841207B68002283F84020002300E05B
:1026C000022318460C37BD465DF8047B704780B482
:1026D00085B000AF786039607B6893F84130DBB239
:1026E000202B39D17B6893F84030012B01D1022394
:1026F00033E07B68012283F840207B68242283F842
:1027000041207B681B681A687B681B6822F0010205
:102710001A607B681B681B68FB60FB6823F47063AE
:10272000FB603B681B02FA681343FB607B681B6815
:10273000FA681A607B681B681A687B681B6842F03D
:1027400001021A607B68202283F841207B68002206
:1027500083F84020002300E0022318461437BD46CA
:102760005DF8047B7047000080B58CB000AF7860E6
:102770007B68002B02D1012300F048BC7B681B68FA
:1027800003F00103002B00F08880994B1B6903F0D4
:102790003803FB62964B9B6ABB62FB6A102B07D027
:1027A000FB6A182B11D1BB6A03F00303022B0CD177
:1027B0008F4B1B6803F40033002B6DD07B685B6884
:1027C000002B69D1012300F021BC7B685B68B3F565
:1027D000803F06D1864B1B68854A43F480331360E3
:1027E0002EE07B685B68002B0CD1814B1B68804A14
:1027F00023F4803313607E4B1B687D4A23F48023CF
:1028000013601DE07B685B68B3F5A02F0CD1784B9B
:102810001B68774A43F480231360754B1B68744A26
:1028200043F4803313600BE0714B1B68704A23F450
:10283000803313606E4B1B686D4A23F48023136052
:102840007B685B68002B13D003F044F8786208E0E3
:1028500003F040F802467B6AD31A642B01D90323A4
:10286000D4E3634B1B6803F40033002BF0D014E077
:1028700003F030F8786208E003F02CF802467B6A37
:10288000D31A642B01D90323C0E3594B1B6803F40B
:102890000033002BF0D100E000BF7B681B6803F021
:1028A0000203002B00F0CA80514B1B6903F0380370
:1028B0003B624F4B9B6AFB613B6A002B07D03B6A34
:1028C000182B56D1FB6903F00303002B51D1484B61
:1028D0001B6803F00403002B05D07B68DB68002B2A
:1028E00001D1012392E3424B1B6823F019027B685C
:1028F000DB683F4913430B6002F0ECFF786208E0AD
:1029000002F0E8FF02467B6AD31A022B01D90323A7
:102910007CE3374B1B6803F00403002BF0D003F07B
:1029200009F8034641F20302934217D87B681B69FA
:10293000402B08D12E4B5B6823F47C332C4A43F4A4
:10294000003353607AE02A4B5B6823F47C327B6867
:102950001B691B03264913434B606FE0244B5B68E4
:1029600023F0FE427B681B691B06214913434B6021
:1029700064E07B68DB68002B47D01D4B1B6823F0AD
:1029800019027B68DB681A4913430B6002F0A2FF4F
:10299000786208E002F09EFF02467B6AD31A022B9F
:1029A00001D9032332E3124B1B6803F00403002B0D
:1029B000F0D002F0BFFF034641F20302934219D860
:1029C0007B681B69402B08D1094B5B6823F47C337F
:1029D000074A43F40033536030E0054B5B6823F44F
:1029E0007C327B681B691B03014913434B6025E064
:1029F000004402589A4B5B6823F0FE427B681B69D7
:102A00001B06974913434B6018E0954B1B68944A8B
:102A100023F00103136002F05DFF786208E002F02A
:102A200059FF02467B6AD31A022B01D90323EDE238
:102A30008B4B1B6803F00403002BF0D17B681B68F1
:102A400003F01003002B00F0A980854B1B6903F0F5
:102A50003803BB61824B9B6A7B61BB69082B07D043
:102A6000BB69182B3AD17B6903F00303012B35D1E5
:102A70007B4B1B6803F48073002B05D07B68DB69FC
:102A8000802B01D00123C1E202F054FF034641F242
:102A90000302934217D87B681B6A202B08D1704B26
:102AA0005B6823F0F8436E4A43F08043536075E05F
:102AB0006B4B5B6823F0F8427B681B6A9B06684996
:102AC00013434B606AE0664BDB6823F07C527B6803
:102AD0001B6A1B0662491343CB605FE07B68DB69BE
:102AE000002B42D05E4B1B685D4A43F080031360AD
:102AF00002F0F0FE786208E002F0ECFE02467B6A2B
:102B0000D31A022B01D9032380E2554B1B6803F42F
:102B10008073002BF0D002F00DFF034641F2030258
:102B2000934217D87B681B6A202B08D14C4B5B68FB
:102B300023F0F8434A4A43F0804353602EE0484B69
:102B40005B6823F0F8427B681B6A9B064449134389
:102B50004B6023E0424BDB6823F07C527B681B6AAE
:102B60001B063F491343CB6018E03D4B1B683C4AB2
:102B700023F08003136002F0ADFE786208E002F0FB
:102B8000A9FE02467B6AD31A022B01D903233DE238
:102B9000334B1B6803F48073002BF0D17B681B68F8
:102BA00003F00803002B36D07B685B69002B19D03B
:102BB0002B4B5B6F2A4A43F00103536702F08AFEF6
:102BC000786208E002F086FE02467B6AD31A022B86
:102BD00001D903231AE2224B5B6F03F00203002B9F
:102BE000F0D018E01E4B5B6F1D4A23F001035367C2
:102BF00002F070FE786208E002F06CFE02467B6A2A
:102C0000D31A022B01D9032300E2154B5B6F03F0AB
:102C10000203002BF0D17B681B6803F02003002B1C
:102C200039D07B689B69002B1CD00D4B1B680C4A6C
:102C300043F48053136002F04DFE786208E002F026
:102C400049FE02467B6AD31A022B01D90323DDE138
:102C5000034B1B6803F40053002BF0D01BE000BFB4
:102C6000004402589B4B1B689A4A23F4805313601C
:102C700002F030FE786208E002F02CFE02467B6A29
:102C8000D31A022B01D90323C0E1924B1B6803F432
:102C90000053002BF0D17B681B6803F00403002B6A
:102CA00000F081808C4B1B688B4A43F48073136067
:102CB00002F010FE786208E002F00CFE02467B6A29
:102CC000D31A642B01D90323A0E1834B1B6803F4BF
:102CD0008073002BF0D07B689B68012B06D17D4B65
:102CE0001B6F7C4A43F0010313672DE07B689B68F0
:102CF000002B0CD1774B1B6F764A23F0010313672F
:102D0000744B1B6F734A23F0040313671CE07B684A
:102D10009B68052B0CD16F4B1B6F6E4A43F004036D
:102D200013676C4B1B6F6B4A43F0010313670BE097
:102D3000684B1B6F674A23F001031367654B1B6FDA
:102D4000644A23F0040313677B689B68002B15D04B
:102D500002F0C0FD78620AE002F0BCFD02467B6A28
:102D6000D31A41F28832934201D903234EE1594BE1
:102D70001B6F03F00203002BEED014E002F0AAFD5B
:102D800078620AE002F0A6FD02467B6AD31A41F29D
:102D90008832934201D9032338E14E4B1B6F03F075
:102DA0000203002BEED17B685B6A002B00F02D81C3
:102DB000484B1B6903F03803182B00F0BD807B687B
:102DC0005B6A022B40F09E80424B1B68414A23F015
:102DD0008073136002F07EFD786208E002F07AFDF5
:102DE00002467B6AD31A022B01D903230EE1394B29
:102DF0001B6803F00073002BF0D1364B9A6A374BF7
:102E000013407A68916A7A68D26A12010A4331499A
:102E100013438B627B681B6B013BC3F308027B6827
:102E20005B6B013B5B029BB21A437B689B6B013B74
:102E30001B0403F4FE031A437B68DB6B013B1B0698
:102E400003F0FE43234913430B63224BDB6A214A01
:102E500023F00103D3621F4B5A6B214B13407A6856
:102E6000926CD2001B4913434B631A4BDB6A23F06D
:102E70000C027B681B6C17491343CB62154BDB6A52
:102E800023F002027B685B6C12491343CB62114B47
:102E9000DB6A104A43F48033D3620E4BDB6A0D4A7F
:102EA00043F40033D3620B4BDB6A0A4A43F48023BA
:102EB000D362084BDB6A074A43F00103D362054B38
:102EC0001B68044A43F08073136002F003FD7862CC
:102ED00011E000BF00440258004802580CFCFFFFFC
:102EE0000700FFFF02F0F6FC02467B6AD31A022BB2
:102EF00001D903238AE0474B1B6803F00073002BC2
:102F0000F0D082E0434B1B68424A23F08073136089
:102F100002F0E0FC786208E002F0DCFC02467B6A2A
:102F2000D31A022B01D9032370E03A4B1B6803F03C
:102F30000073002BF0D168E0364B9B6A3B61354B48
:102F40001B6BFB607B685B6A012B31D03B6903F034
:102F500003027B689B6A9A422AD13B691B0903F0F2
:102F60003F027B68DB6A9A4222D1FB68C3F3080206
:102F70007B681B6B013B9A421AD1FB685B0A03F02A
:102F80007F027B685B6B013B9A4211D1FB681B0C93
:102F900003F07F027B689B6B013B9A4208D1FB6880
:102FA0001B0E03F07F027B68DB6B013B9A4201D072
:102FB00001232BE0174B5B6BDB08C3F30C033B6176
:102FC0007B689B6C3A699A421FD0124BDB6A114AAC
:102FD00023F00103D36202F07DFC786200BF02F0AF
:102FE00079FC02467B6A9342F9D00A4B5A6B0A4B32
:102FF00013407A68926CD200064913434B63054B29
:10300000DB6A044A43F00103D362002318463037D9
:10301000BD4680BD004402580700FFFF80B586B062
:1030200000AF786039607B68002B01D101239CE1FF
:103030008A4B1B6803F00F033A689A4210D9874BFA
:103040001B6823F00F0285493B6813430B60834BD9
:103050001B6803F00F033A689A4201D0012384E110
:103060007B681B6803F00403002B10D07B681A698F
:103070007B4B9B6903F070039A4208D9784B9B699C
:1030800023F070027B681B69754913438B617B6871
:103090001B6803F00803002B10D07B685A69704B43
:1030A000DB6903F070039A4208D96D4BDB6923F0AA
:1030B00070027B685B696A491343CB617B681B685C
:1030C00003F01003002B10D07B689A69644BDB6916
:1030D00003F4E0639A4208D9614BDB6923F4E062B0
:1030E0007B689B695E491343CB617B681B6803F077
:1030F0002003002B10D07B68DA69594B1B6A03F060
:1031000070039A4208D9564B1B6A23F070027B6801
:10311000DB69534913430B627B681B6803F00203AE
:10312000002B10D07B68DA684D4B9B6903F00F03CE
:103130009A4208D94A4B9B6923F00F027B68DB68EF
:10314000474913438B617B681B6803F00103002B25
:1031500055D0434B9B6923F470627B689B68404960
:1031600013438B617B685B68022B07D13C4B1B6868
:1031700003F40033002B21D10123F6E07B685B6868
:10318000032B07D1364B1B6803F00073002B15D1BE
:103190000123EAE07B685B68012B07D1304B1B6899
:1031A00003F48073002B09D10123DEE02C4B1B6854
:1031B00003F00403002B01D10123D6E0284B1B6947
:1031C00023F007027B685B68254913430B6102F01B
:1031D00081FB78610AE002F07DFB02467B69D31A2D
:1031E00041F28832934201D90323BEE01C4B1B6994
:1031F00003F038027B685B68DB009A42EBD17B68A6
:103200001B6803F00203002B10D07B68DA68144BB4
:103210009B6903F00F039A4208D2114B9B6923F07C
:103220000F027B68DB680E4913438B610B4B1B68F5
:1032300003F00F033A689A4214D2084B1B6823F03C
:103240000F0206493B6813430B60044B1B6803F0F5
:103250000F033A689A4205D0012386E0002000520D
:10326000004402587B681B6803F00403002B10D055
:103270007B681A693F4B9B6903F070039A4208D23E
:103280003C4B9B6923F070027B681B6939491343EF
:103290008B617B681B6803F00803002B10D07B68F0
:1032A0005A69344BDB6903F070039A4208D2314B00
:1032B000DB6923F070027B685B692E491343CB61A5
:1032C0007B681B6803F01003002B10D07B689A69A1
:1032D000284BDB6903F4E0639A4208D2254BDB6993
:1032E00023F4E0627B689B6922491343CB617B68CE
:1032F0001B6803F02003002B10D07B68DA691D4B9C
:103300001B6A03F070039A4208D21A4B1B6A23F01F
:1033100070027B68DB69174913430B6200F034F8D5
:103320000246144B9B691B0A03F00F031249CB5C46
:1033300003F01F0322FA03F33B610E4B9B6903F07A
:103340000F030D4AD35C03F01F033A6922FA03F31B
:103350000A4A13600A4A3B6913600A4B1B68184605
:1033600002F06EFA0346FB73FB7B18461837BD4626
:1033700080BD00BF0044025840D7000874050020FB
:10338000700500206805002080B489B000AFB34B01
:103390001B6903F03803182B00F2558101A252F883
:1033A00023F000BF093400084736000847360008FC
:1033B00047360008473600084736000847360008F9
:1033C000473600082F340008473600084736000803
:1033D00047360008473600084736000847360008D9
:1033E00047360008353400084736000847360008DD
:1033F00047360008473600084736000847360008B9
:10340000473600083B340008944B1B6803F0200348
:10341000002B09D0914B1B68DB0803F00303904A93
:1034200022FA03F3BB6111E18D4BBB610EE18D4BC1
:10343000BB610BE18C4BBB6108E1884B9B6A03F0DD
:1034400003037B61854B9B6A1B0903F03F033B61D0
:10345000824BDB6A03F00103FB60804B5B6BDB0894
:10346000C3F30C03FA6802FB03F307EE903AF8EE9D
:10347000677AC7ED027A3B69002B00F0E1807B6937
:10348000022B00F083807B69022B00F2A1807B6914
:10349000002B03D07B69012B56D099E06F4B1B6842
:1034A00003F02003002B2DD06C4B1B68DB0803F0CE
:1034B00003036B4A22FA03F37B607B6807EE903AC2
:1034C000F8EE676A3B6907EE903AF8EE677A86EEA7
:1034D000A77A624B1B6BC3F3080307EE903AF8EE32
:1034E000676A97ED026ADFED615AC6EE257A76EEDD
:1034F000A77AF7EE006A77EEA67A67EE277AC7ED2D
:10350000077A87E03B6907EE903AF8EE677ADFEDDD
:10351000586A86EEA77A514B1B6BC3F3080307EE7C
:10352000903AF8EE676A97ED026ADFED505AC6EE00
:10353000257A76EEA77AF7EE006A77EEA67A67EE3E
:10354000277AC7ED077A65E03B6907EE903AF8EE17
:10355000677ADFED486A86EEA77A404B1B6BC3F3B0
:10356000080307EE903AF8EE676A97ED026ADFED1E
:103570003F5AC6EE257A76EEA77AF7EE006A77EE26
:10358000A67A67EE277AC7ED077A43E03B6907EE34
:10359000903AF8EE677ADFED386A86EEA77A2F4B1D
:1035A0001B6BC3F3080307EE903AF8EE676A97EDDA
:1035B000026ADFED2E5AC6EE257A76EEA77AF7EE8E
:1035C000006A77EEA67A67EE277AC7ED077A21E0E0
:1035D0003B6907EE903AF8EE677ADFED266A86EEF1
:1035E000A77A1E4B1B6BC3F3080307EE903AF8EE65
:1035F000676A97ED026ADFED1D5AC6EE257A76EE10
:10360000A77AF7EE006A77EEA67A67EE277AC7ED1B
:10361000077A00BF114B1B6B5B0A03F07F0301337A
:103620003B603B6807EE903AB8EE677AD7ED076AE1
:10363000C6EE877AFCEEE77A17EE903ABB6105E0BA
:103640000023BB6102E0074BBB6100BFBB691846AA
:103650002437BD465DF8047B704700BF0044025824
:103660000090D00300093D0040787D010000004635
:103670000024744C0024744A20BCBE4B80B582B038
:1036800000AFFFF781FE0246104B9B691B0A03F057
:103690000F030F49CB5C03F01F0322FA03F37B6097
:1036A0000A4B9B6903F00F03094AD35C03F01F0325
:1036B0007A6822FA03F3074A1360074A7B681360AB
:1036C000044B1B6818460837BD4680BD00440258AD
:1036D00040D70008740500207005002080B500AFB9
:1036E000FFF7CCFF0246064BDB691B0903F007031B
:1036F0000449CB5C03F01F0322FA03F3184680BD94
:103700000044025840D7000880B500AFFFF7B6FF6D
:103710000246064BDB691B0A03F007030449CB5C36
:1037200003F01F0322FA03F3184680BD0044025839
:1037300040D700082DE9B04FCAB000AFC7F8140158
:10374000002387F82731002387F82631D7F8143172
:10375000D3E9002302F00064002554EA050349D0B0
:10376000D7F814319B6EB3F5401F2FD0B3F5401F2F
:1037700028D8B3F5001F1AD0B3F5001F22D8002BAC
:1037800003D0B3F5801F07D01CE0B84BDB6AB74A03
:1037900043F40033D3621AE0D7F81431083302211E
:1037A000184601F08FFC034687F827310FE0D7F861
:1037B000143128330221184601F036FD034687F8FC
:1037C000273104E0012387F8273100E000BF97F894
:1037D0002731002B0AD1A54B1B6D23F44011D7F8DC
:1037E00014319B6EA14A0B43136503E097F8273110
:1037F00087F82631D7F81431D3E9002302F4807812
:103800004FF0000958EA090347D0D7F814319B6DEF
:10381000042B2AD801A252F823F000BF3138000847
:103820003F3800085538000873380008733800081E
:103830008E4BDB6A8D4A43F40033D3621AE0D7F82B
:10384000143108330021184601F03CFC034687F888
:1038500027310FE0D7F8143128330021184601F042
:10386000E3FC034687F8273104E0012387F827317A
:1038700000E000BF97F82731002B0AD17B4B1B6D6E
:1038800023F00701D7F814319B6D784A0B43136579
:1038900003E097F8273187F82631D7F81431D3E9B8
:1038A000002302F4007A4FF0000B5AEA0B034CD0CD
:1038B000D7F81431DB6DB3F5807F30D0B3F5807F5E
:1038C00029D8C02B2DD0C02B25D8802B18D0802BE9
:1038D00021D8002B02D0402B07D01CE0634BDB6AC1
:1038E000624A43F40033D3621CE0D7F81431083342
:1038F0000021184601F0E6FB034687F8273111E066
:10390000D7F8143128330021184601F08DFC034606
:1039100087F8273106E0012387F8273102E000BF4E
:1039200000E000BF97F82731002B0AD14F4B1B6DE9
:1039300023F4E071D7F81431DB6D4C4A0B43136567
:1039400003E097F8273187F82631D7F81431D3E907
:10395000002302F48063C7F808310023C7F80C3154
:10396000D7E942120B46134353D0D7F81431D3F89A
:10397000A830B3F5000F35D0B3F5000F2ED8B3F54E
:10398000C00F31D0B3F5C00F28D8B3F5800F1AD0CF
:10399000B3F5800F22D8002B03D0B3F5001F07D05A
:1039A0001CE0324BDB6A314A43F40033D3621CE043
:1039B000D7F8143108330021184601F083FB034681
:1039C00087F8273111E0D7F8143128330021184641
:1039D00001F02AFC034687F8273106E0012387F827
:1039E000273102E000BF00E000BF97F82731002B2D
:1039F0000BD11E4B9B6D23F46001D7F81431D3F823
:103A0000A8301A4A0B43936503E097F8273187F8EB
:103A10002631D7F81431D3E9002302F40063C7F844
:103A200000310023C7F80431D7E940120B46134395
:103A300056D0D7F81431D3F8AC30B3F1806F38D00A
:103A4000B3F1806F31D8B3F1407F34D0B3F1407F10
:103A50002BD8B3F1007F1DD0B3F1007F25D8002B08
:103A600006D0B3F1807F0AD01FE000BF00440258A7
:103A7000A24BDB6AA14A43F40033D3621CE0D7F8BF
:103A8000143108330021184601F01CFB034687F867
:103A9000273111E0D7F8143128330021184601F0FE
:103AA000C3FB034687F8273106E0012387F8273157
:103AB00002E000BF00E000BF97F82731002B0BD1D8
:103AC0008E4B9B6D23F0E061D7F81431D3F8AC3006
:103AD0008A4A0B43936503E097F8273187F826312C
:103AE000D7F81431D3E9002302F00073C7F8F83097
:103AF0000023C7F8FC30D7E93E120B4613433AD0F7
:103B0000D7F81431DB6C302B1FD0302B19D8202B79
:103B10000CD0202B15D8002B19D0102B11D1774B9E
:103B2000DB6A764A43F40033D36211E0D7F81431EC
:103B300008330221184601F0C5FA034687F82731F9
:103B400006E0012387F8273102E000BF00E000BF54
:103B500097F82731002B0AD1684BDB6C23F030013A
:103B6000D7F81431DB6C654A0B43D36403E097F854
:103B7000273187F82631D7F81431D3E9002302F42E
:103B80008053C7F8F0300023C7F8F430D7E93C126F
:103B90000B46134351D0D7F814311B6EB3F5804F49
:103BA00035D0B3F5804F2ED8B3F5405F31D0B3F5A3
:103BB000405F28D8B3F5005F1AD0B3F5005F22D874
:103BC000002B03D0B3F5805F07D01CE04B4BDB6AC2
:103BD0004A4A43F40033D3621CE0D7F81431083367
:103BE0000021184601F06EFA034687F8273111E0EC
:103BF000D7F8143128330021184601F015FB03468D
:103C000087F8273106E0012387F8273102E000BF5B
:103C100000E000BF97F82731002B0AD1374B1B6D0E
:103C200023F4E041D7F814311B6E344A0B4313657B
:103C300003E097F8273187F82631D7F81431D3E914
:103C4000002302F40053C7F8E8300023C7F8EC3033
:103C5000D7E93A120B46134356D0D7F814315B6EAE
:103C6000B3F5A02F33D0B3F5A02F2CD8B3F5802F08
:103C70002FD0B3F5802F26D8B3F5403F2BD0B3F526
:103C8000403F20D8B3F5003F12D0B3F5003F1AD81B
:103C9000002B22D0B3F5803F15D1D7F8143108336B
:103CA0000121184601F00EFA034687F8273115E086
:103CB000D7F8143128330121184601F0B5FA03462C
:103CC00087F827310AE0012387F8273106E000BF93
:103CD00004E000BF02E000BF00E000BF97F827311A
:103CE000002B0DD1054B1B6D23F4E021D7F81431C7
:103CF0005B6E024A0B43136506E000BF00440258A6
:103D000097F8273187F82631D7F81431D3E9002303
:103D100002F48043C7F8E0300023C7F8E430D7E965
:103D200038120B46134355D0D7F81431D3F8B030BE
:103D3000B3F1A04F33D0B3F1A04F2CD8B3F1804FE3
:103D40002FD0B3F1804F26D8B3F1405F2BD0B3F121
:103D5000405F20D8B3F1005F12D0B3F1005F1AD8F2
:103D6000002B22D0B3F1805F15D1D7F8143108337E
:103D70000121184601F0A6F9034687F8273115E01E
:103D8000D7F8143128330121184601F04DFA0346C3
:103D900087F827310AE0012387F8273106E000BFC2
:103DA00004E000BF02E000BF00E000BF97F8273149
:103DB000002B0BD1A34B9B6D23F0E041D7F81431BE
:103DC000D3F8B0309F4A0B43936503E097F827314F
:103DD00087F82631D7F81431D3E9002302F40043E1
:103DE000C7F8D8300023C7F8DC30D7E936120B46C5
:103DF000134337D0D7F814311B6FB3F1005F0ED0E7
:103E0000B3F1005F16D8002B18D0B3F1805F11D149
:103E10008C4BDB6A8B4A43F40033D3620FE0D7F854
:103E2000143108330121184601F04CF9034687F894
:103E3000273104E0012387F8273100E000BF97F81D
:103E40002731002B0AD17F4B1B6D23F04051D7F84F
:103E500014311B6F7B4A0B43136503E097F827313E
:103E600087F82631D7F81431D3E9002302F08073A4
:103E7000C7F8D0300023C7F8D430D7E934120B4646
:103E8000134339D0D7F814319B6C032B1CD801A2F3
:103E900052F823F0D13E0008A53E0008B33E0008CA
:103EA000D13E0008674BDB6A664A43F40033D362B5
:103EB0000FE0D7F8143108330221184601F002F957
:103EC000034687F8273104E0012387F8273100E013
:103ED00000BF97F82731002B0AD15A4BDB6C23F037
:103EE0000301D7F814319B6C564A0B43D36403E0AB
:103EF00097F8273187F82631D7F81431D3E9002312
:103F000002F48003C7F8C8300023C7F8CC30D7E9E3
:103F100032120B46134300F09F804B4B1B684A4AFA
:103F200043F48073136001F0D5FCC7F820010BE067
:103F300001F0D0FC0246D7F82031D31A642B03D904
:103F4000032387F8273105E03F4B1B6803F4807398
:103F5000002BEDD097F82731002B79D1394B1A6F10
:103F6000D7F81431D3F8B430534003F44073002B26
:103F700015D0344B1B6F23F44073C7F81C31314B01
:103F80001B6F304A43F4803313672E4B1B6F2D4A4F
:103F900023F4803313672B4AD7F81C311367D7F803
:103FA0001431D3F8B430B3F5807F18D101F092FC0E
:103FB000C7F820010DE001F08DFC0246D7F8203152
:103FC000D21A41F288339A4203D9032387F8273162
:103FD00005E01C4B1B6F03F00203002BEBD097F89E
:103FE0002731002B29D1D7F81431D3F8B43003F49A
:103FF0004073B3F5407F0ED1124B1B6923F47C5103
:10400000D7F81431D3F8B4301A09104B13400D4AC5
:104010000B43136105E00B4B1B690A4A23F47C53E5
:104020001361084B196FD7F81431D3F8B430C3F3C8
:104030000B03044A0B4313670EE097F8273187F808
:10404000263109E00044025800480258CFFFFF0023
:1040500097F8273187F82631D7F81431D3E90023B0
:1040600002F00103C7F8C0300023C7F8C430D7E915
:1040700030120B46134300F08980D7F81431DB6F00
:10408000282B6BD801A252F823F000BF654100082D
:104090005D4100085D4100085D4100085D41000888
:1040A0005D4100085D4100085D41000831410008A4
:1040B0005D4100085D4100085D4100085D41000868
:1040C0005D4100085D4100085D410008474100086E
:1040D0005D4100085D4100085D4100085D41000848
:1040E0005D4100085D4100085D4100086541000830
:1040F0005D4100085D4100085D4100085D41000828
:104100005D4100085D4100085D410008654100080F
:104110005D4100085D4100085D4100085D41000807
:104120005D4100085D4100085D41000865410008EF
:10413000D7F8143108330121184600F0C3FF0346B5
:1041400087F827310FE0D7F81431283301211846BA
:1041500001F06AF8034687F8273104E0012387F865
:10416000273100E000BF97F82731002B0AD1BF4B61
:104170005B6D23F03801D7F81431DB6FBB4A0B437A
:10418000536503E097F8273187F82631D7F81431C3
:10419000D3E9002302F00203C7F8B8300023C7F8C0
:1041A000BC30D7E92E120B46134341D0D7F8143157
:1041B0009B6F052B24D801A252F823F00942000876
:1041C000D5410008EB4100080942000809420008F7
:1041D00009420008D7F8143108330121184600F0CD
:1041E00071FF034687F827310FE0D7F814312833E1
:1041F0000121184601F018F8034687F8273104E03A
:10420000012387F8273100E000BF97F82731002B02
:104210000AD1964B5B6D23F00701D7F814319B6FE1
:10422000924A0B43536503E097F8273187F826310C
:10423000D7F81431D3E9002302F00403C7F8B030F3
:104240000023C7F8B430D7E92C120B46134344D0EF
:10425000D7F81431D3F89430052B25D801A252F8A1
:1042600023F000BFB14200087D42000893420008DD
:10427000B1420008B1420008B1420008D7F8143139
:1042800008330121184600F01DFF034687F8273147
:104290000FE0D7F8143128330121184600F0C4FF8D
:1042A000034687F8273104E0012387F8273100E02F
:1042B00000BF97F82731002B0BD16C4B9B6D23F07F
:1042C0000701D7F81431D3F89430684A0B4393654B
:1042D00003E097F8273187F82631D7F81431D3E96E
:1042E000002302F02003C7F8A8300023C7F8AC3041
:1042F000D7E92A120B46134355D0D7F81431D3F817
:104300009030B3F1A04F33D0B3F1A04F2CD8B3F11C
:10431000804F2FD0B3F1804F26D8B3F1405F2BD020
:10432000B3F1405F20D8B3F1005F12D0B3F1005F6A
:104330001AD8002B22D0B3F1805F15D1D7F81431F1
:1043400008330021184600F0BDFE034687F82731E8
:1043500015E0D7F8143128330221184600F064FF25
:10436000034687F827310AE0012387F8273106E062
:1043700000BF04E000BF02E000BF00E000BF97F80C
:104380002731002B0BD1394B5B6D23F0E041D7F87F
:104390001431D3F89030354A0B43536503E097F856
:1043A000273187F82631D7F81431D3E9002302F0FA
:1043B0004003C7F8A0300023C7F8A430D7E928127B
:1043C0000B46134358D0D7F81431D3F89C30B3F5CB
:1043D000A05F33D0B3F5A05F2CD8B3F5805F2FD0AA
:1043E000B3F5805F26D8B3F5406F2BD0B3F5406F9F
:1043F00020D8B3F5006F12D0B3F5006F1AD8002B98
:1044000022D0B3F5806F15D1D7F8143108330021CD
:10441000184600F057FE034687F8273115E0D7F815
:10442000143128330221184600F0FEFE034687F8B7
:1044300027310AE0012387F8273106E000BF04E0B6
:1044400000BF02E000BF00E000BF97F82731002B5B
:104450000ED1064B9B6D23F4E051D7F81431D3F8FD
:104460009C30024A0B43936506E000BF00440258AB
:1044700097F8273187F82631D7F81431D3E900238C
:1044800002F08003C7F898300023C7F89C30D7E9C2
:1044900026120B46134355D0D7F81431D3F8A03069
:1044A000B3F5204F33D0B3F5204F2CD8B3F5004FE0
:1044B0002FD0B3F5004F26D8B3F5C04F2BD0B3F5AE
:1044C000C04F20D8B3F5804F12D0B3F5804F1AD823
:1044D000002B22D0B3F5005F15D1D7F81431083383
:1044E0000021184600F0EEFD034687F8273115E05D
:1044F000D7F8143128330221184600F095FE034600
:1045000087F827310AE0012387F8273106E000BF4A
:1045100004E000BF02E000BF00E000BF97F82731D1
:10452000002B0BD1A14B9B6D23F46041D7F81431C4
:10453000D3F8A0309D4A0B43936503E097F82731E9
:1045400087F82631D7F81431D3E9002302F00803A5
:10455000C7F890300023C7F89430D7E924120B46EF
:1045600013431ED0D7F81431D3F88430B3F5805FED
:104570000CD1D7F8143128330221184600F054FE2C
:104580000346002B02D0012387F82631874B5B6D51
:1045900023F44051D7F81431D3F88430834A0B43C5
:1045A0005365D7F81431D3E9002302F01003C7F89C
:1045B00088300023C7F88C30D7E922120B4613430A
:1045C0001ED0D7F81431D3F89830B3F5807F0CD1D2
:1045D000D7F8143128330221184600F025FE03468F
:1045E000002B02D0012387F82631704B9B6D23F4FA
:1045F0004071D7F81431D3F898306C4A0B43936567
:10460000D7F81431D3E9002302F40023C7F880302F
:104610000023C7F88430D7E920120B4613433ED05D
:10462000D7F81431D3F8A430B3F5003F22D0B3F556
:10463000003F1BD8002B03D0B3F5803F0BD015E013
:10464000D7F8143108330021184600F03BFD03462B
:1046500087F827310FE0D7F81431283302211846A4
:1046600000F0E2FD034687F8273104E0012387F8D4
:10467000273100E000BF97F82731002B0BD14B4BBF
:104680009B6D23F44031D7F81431D3F8A430474A56
:104690000B43936503E097F8273187F82631D7F865
:1046A0001431D3E9002302F48023BB670023FB67A6
:1046B000D7E91E120B4613433BD0D7F81431D3F879
:1046C0008830B3F5401F1FD0B3F5401F18D8B3F59D
:1046D000801F03D0B3F5001F07D011E0334BDB6A16
:1046E000324A43F40033D3620FE0D7F81431283351
:1046F0000121184600F098FD034687F8273104E0B1
:10470000012387F8273100E000BF97F82731002BFD
:104710000BD1264B5B6D23F44011D7F81431D3F83D
:104720008830224A0B43536503E097F8273187F816
:104730002631D7F81431D3E9002302F480333B67E4
:1047400000237B67D7E91C120B46134334D0D7F8FC
:1047500014311B6D002B03D0B3F5803F07D011E05F
:10476000124BDB6A114A43F40033D3620EE0D7F8F0
:10477000143108330221184600F0A4FC034687F8E0
:10478000273103E0012387F8273100BF97F827314D
:10479000002B0DD1054BDB6C23F48031D7F814319D
:1047A0001B6D024A0B43D36406E000BF004402586D
:1047B00097F8273187F82631D7F81431D3E9002349
:1047C00002F00053BB660023FB66D7E91A120B46C2
:1047D00013430CD0D7F8143128330221184600F0C7
:1047E00023FD0346002B02D0012387F82631D7F89A
:1047F0001431D3E9002302F400333B6600237B66C7
:10480000D7E918120B46134338D0D7F81431D3F830
:104810008030B3F5407F18D0B3F5407F11D8B3F5A1
:10482000007F14D0B3F5007F0BD8002B11D0B3F567
:10483000807F06D1C34BDB6AC24A43F40033D362A4
:1048400008E0012387F8273104E000BF02E000BF41
:1048500000E000BF97F82731002B0BD1B94B5B6DFF
:1048600023F44071D7F81431D3F88030B54A0B43A4
:10487000536503E097F8273187F82631D7F81431CC
:10488000D3E9002302F48013BB650023FB65D7E95D
:1048900016120B46134309D0AA4B1B6D23F000419F
:1048A000D7F814315B6FA74A0B431365D7F814315F
:1048B000D3E9002302F080533B6500237B65D7E9F1
:1048C00014120B4613430AD09E4B1B6923F48041FC
:1048D000D7F81431D3F8B8309A4A0B431361D7F89C
:1048E0001431D3E9002302F40013BB640023FB64FA
:1048F000D7E912120B46134309D0924B1B6D23F0DC
:104900008071D7F81431DB6E8E4A0B431365D7F8EC
:104910001431D3E9002302F080433B6400237B641D
:10492000D7E910120B4613430ED0864B1B69854AFC
:1049300023F400431361834B1969D7F81431D3F87A
:10494000BC30804A0B431361D7F81431D3E90023FC
:1049500002F00043BB630023FB63D7E90E120B4652
:10496000134309D0774BDB6C23F04051D7F8143157
:104970005B6D744A0B43D364D7F81431D3E9002339
:1049800002F400033B6300237B63D7E90C120B4660
:1049900013430AD06B4B5B6D23F44001D7F81431FD
:1049A000D3F88C30674A0B435365D7F81431D3E9F9
:1049B00000230021B96203F00103FB62D7E90A1268
:1049C0000B46134311D0D7F8143108330021184691
:1049D00000F078FB034687F8273197F82731002B42
:1049E00003D097F8273187F82631D7F81431D3E967
:1049F00000230021396203F002037B62D7E9081229
:104A00000B46134311D0D7F814310833012118464F
:104A100000F058FB034687F8273197F82731002B21
:104A200003D097F8273187F82631D7F81431D3E926
:104A300000230021B96103F00403FB61D7E90612EA
:104A40000B46134311D0D7F814310833022118460E
:104A500000F038FB034687F8273197F82731002B01
:104A600003D097F8273187F82631D7F81431D3E9E6
:104A700000230021396103F008037B61D7E90412A8
:104A80000B46134311D0D7F81431283300211846B0
:104A900000F0CAFB034687F8273197F82731002B2F
:104AA00003D097F8273187F82631D7F81431D3E9A6
:104AB00000230021B96003F01003FB60D7E9021264
:104AC0000B46134311D0D7F814312833012118466F
:104AD00000F0AAFB034687F8273197F82731002B0F
:104AE00003D097F8273187F82631D7F81431D3E966
:104AF00000230021396003F020037B60D7E9001216
:104B00000B46134311D0D7F814312833022118462D
:104B100000F08AFB034687F8273197F82731002BEE
:104B200003D097F8273187F8263197F82631002BE4
:104B300001D1002300E00123184607F59477BD4614
:104B4000BDE8B08F0044025880B500AFFEF796FD77
:104B50000246064B1B6A1B0903F007030449CB5CA2
:104B600003F01F0322FA03F3184680BD00440258E5
:104B700040D7000880B489B000AF7860A14B9B6A31
:104B800003F00303BB619F4B9B6A1B0B03F03F03C6
:104B90007B619C4BDB6A1B0903F001033B61994B72
:104BA000DB6BDB08C3F30C033A6902FB03F307EE8C
:104BB000903AF8EE677AC7ED037A7B69002B00F034
:104BC0001181BB69022B00F08380BB69022B00F2CC
:104BD000A180BB69002B03D0BB69012B56D099E0A3
:104BE000884B1B6803F02003002B2DD0854B1B68DE
:104BF000DB0803F00303844A22FA03F3BB60BB68BB
:104C000007EE903AF8EE676A7B6907EE903AF8EEA5
:104C1000677A86EEA77A7B4B9B6BC3F3080307EE9C
:104C2000903AF8EE676A97ED036ADFED785AC6EEC0
:104C3000257A76EEA77AF7EE006A77EEA67A67EE27
:104C4000277AC7ED077A87E07B6907EE903AF8EE9E
:104C5000677ADFED6F6A86EEA77A6A4B9B6BC3F3C8
:104C6000080307EE903AF8EE676A97ED036ADFED06
:104C7000675AC6EE257A76EEA77AF7EE006A77EEE7
:104C8000A67A67EE277AC7ED077A65E07B6907EEBB
:104C9000903AF8EE677ADFED5F6A86EEA77A594BB5
:104CA0009B6BC3F3080307EE903AF8EE676A97ED43
:104CB000036ADFED565AC6EE257A76EEA77AF7EE4E
:104CC000006A77EEA67A67EE277AC7ED077A43E0A7
:104CD0007B6907EE903AF8EE677ADFED4F6A86EE71
:104CE000A77A484B9B6BC3F3080307EE903AF8EEA4
:104CF000676A97ED036ADFED455AC6EE257A76EED0
:104D0000A77AF7EE006A77EEA67A67EE277AC7ED04
:104D1000077A21E07B6907EE903AF8EE677ADFEDDB
:104D20003D6A86EEA77A374B9B6BC3F3080307EE09
:104D3000903AF8EE676A97ED036ADFED345AC6EEF3
:104D4000257A76EEA77AF7EE006A77EEA67A67EE16
:104D5000277AC7ED077A00BF2A4B9B6B5B0A03F0EB
:104D60007F0307EE903AF8EE677AB7EE007A37EEF7
:104D7000877AD7ED076AC6EE877AFCEEE77A17EEF8
:104D8000902A7B681A601F4B9B6B1B0C03F07F0300
:104D900007EE903AF8EE677AB7EE007A37EE877A48
:104DA000D7ED076AC6EE877AFCEEE77A17EE902A0F
:104DB0007B685A60134B9B6B1B0E03F07F0307EE5F
:104DC000903AF8EE677AB7EE007A37EE877AD7ED49
:104DD000076AC6EE877AFCEEE77A17EE902A7B68C0
:104DE0009A6008E07B6800221A607B6800225A60A3
:104DF0007B6800229A6000BF2437BD465DF8047BC3
:104E0000704700BF004402580090D00300000046E5
:104E10000024744C0024744A20BCBE4B80B489B07A
:104E200000AF7860A14B9B6A03F00303BB619F4B0B
:104E30009B6A1B0D03F03F037B619C4BDB6A1B0AE3
:104E400003F001033B61994B5B6CDB08C3F30C037C
:104E50003A6902FB03F307EE903AF8EE677AC7ED82
:104E6000037A7B69002B00F01181BB69022B00F0F3
:104E70008380BB69022B00F2A180BB69002B03D0A9
:104E8000BB69012B56D099E0884B1B6803F02003C7
:104E9000002B2DD0854B1B68DB0803F00303844AED
:104EA00022FA03F3BB60BB6807EE903AF8EE676A3C
:104EB0007B6907EE903AF8EE677A86EEA77A7B4B2D
:104EC0001B6CC3F3080307EE903AF8EE676A97EDA0
:104ED000036ADFED785AC6EE257A76EEA77AF7EE0A
:104EE000006A77EEA67A67EE277AC7ED077A87E041
:104EF0007B6907EE903AF8EE677ADFED6F6A86EE2F
:104F0000A77A6A4B1B6CC3F3080307EE903AF8EEDE
:104F1000676A97ED036ADFED675AC6EE257A76EE8B
:104F2000A77AF7EE006A77EEA67A67EE277AC7EDE2
:104F3000077A65E07B6907EE903AF8EE677ADFED75
:104F40005F6A86EEA77A594B1B6CC3F3080307EE22
:104F5000903AF8EE676A97ED036ADFED565AC6EEAF
:104F6000257A76EEA77AF7EE006A77EEA67A67EEF4
:104F7000277AC7ED077A43E07B6907EE903AF8EEAF
:104F8000677ADFED4F6A86EEA77A484B1B6CC3F356
:104F9000080307EE903AF8EE676A97ED036ADFEDD3
:104FA000455AC6EE257A76EEA77AF7EE006A77EED6
:104FB000A67A67EE277AC7ED077A21E07B6907EECC
:104FC000903AF8EE677ADFED3D6A86EEA77A374BC6
:104FD0001B6CC3F3080307EE903AF8EE676A97ED8F
:104FE000036ADFED345AC6EE257A76EEA77AF7EE3D
:104FF000006A77EEA67A67EE277AC7ED077A00BFD8
:105000002A4B1B6C5B0A03F07F0307EE903AF8EE25
:10501000677AB7EE007A37EE877AD7ED076AC6EE81
:10502000877AFCEEE77A17EE902A7B681A601F4BAE
:105030001B6C1B0C03F07F0307EE903AF8EE677AC7
:10504000B7EE007A37EE877AD7ED076AC6EE877A31
:10505000FCEEE77A17EE902A7B685A60134B1B6CC4
:105060001B0E03F07F0307EE903AF8EE677AB7EE77
:10507000007A37EE877AD7ED076AC6EE877AFCEEBC
:10508000E77A17EE902A7B689A6008E07B68002236
:105090001A607B6800225A607B6800229A6000BF19
:1050A0002437BD465DF8047B704700BF00440258BA
:1050B0000090D003000000460024744C0024744A81
:1050C00020BCBE4B80B584B000AF7860396000234F
:1050D000FB73534B9B6A03F00303032B01D10123A2
:1050E00099E04F4B1B684E4A23F08063136000F039
:1050F000F1FBB86008E000F0EDFB0246BB68D31A94
:10510000022B01D9032386E0454B1B6803F00063A3
:10511000002BF0D1424B9B6A23F47C327B681B68E6
:105120001B033F4913438B627B685B68013BC3F3FE
:1051300008027B689B68013B5B029BB21A437B6859
:10514000DB68013B1B0403F4FE031A437B681B6905
:10515000013B1B0603F0FE43314913438B63304B85
:10516000DB6A23F0C0027B685B692D491343CB6285
:105170002B4BDB6A23F020027B689B692849134391
:10518000CB62274BDB6A264A23F01003D362244B01
:10519000DA6B244B13407A68D269D200204913435A
:1051A000CB631F4BDB6A1E4A43F01003D3623B689C
:1051B000002B06D11A4BDB6A194A43F40023D36251
:1051C0000FE03B68012B06D1154BDB6A144A43F410
:1051D0008013D36205E0124BDB6A114A43F40013DB
:1051E000D3620F4B1B680E4A43F08063136000F0DC
:1051F00071FBB86008E000F06DFB0246BB68D31A93
:10520000022B01D9032306E0054B1B6803F0006362
:10521000002BF0D0FB7B18461037BD4680BD00BF89
:10522000004402580700FFFF80B584B000AF7860EB
:1052300039600023FB73534B9B6A03F00303032B7A
:1052400001D1012399E04F4B1B684E4A23F0805354
:10525000136000F03FFBB86008E000F03BFB024643
:10526000BB68D31A022B01D9032386E0454B1B6888
:1052700003F00053002BF0D1424B9B6A23F07C7269
:105280007B681B681B053F4913438B627B685B6827
:10529000013BC3F308027B689B68013B5B029BB246
:1052A0001A437B68DB68013B1B0403F4FE031A43CB
:1052B0007B681B69013B1B0603F0FE433149134326
:1052C0000B64304BDB6A23F440627B685B692D49D9
:1052D0001343CB622B4BDB6A23F400727B689B6920
:1052E00028491343CB62274BDB6A264A23F4807399
:1052F000D362244B5A6C244B13407A68D269D20093
:10530000204913434B641F4BDB6A1E4A43F48073EE
:10531000D3623B68002B06D11A4BDB6A194A43F46F
:105320008003D3620FE03B68012B06D1154BDB6A8B
:10533000144A43F40003D36205E0124BDB6A114ABE
:1053400043F08073D3620F4B1B680E4A43F08053C7
:10535000136000F0BFFAB86008E000F0BBFA024644
:10536000BB68D31A022B01D9032306E0054B1B6847
:1053700003F00053002BF0D0FB7B18461037BD46DE
:1053800080BD00BF004402580700FFFF80B489B011
:1053900000AF786039600023FB61894B7B6194E149
:1053A0003B681A680121FB6901FA03F313403B6172
:1053B0003B69002B00F086813B685B6803F00303C8
:1053C000012B05D03B685B6803F00303022B30D14F
:1053D0007B689B68BB61FB695B00032202FA03F3F5
:1053E000DB43BA691340BB613B68DA68FB695B0069
:1053F00002FA03F3BA691343BB617B68BA699A6026
:105400007B685B68BB610122FB6902FA03F3DB4343
:10541000BA691340BB613B685B681B0903F001027A
:10542000FB6902FA03F3BA691343BB617B68BA698B
:105430005A603B685B6803F00303032B17D07B685B
:10544000DB68BB61FB695B00032202FA03F3DB4309
:10545000BA691340BB613B689A68FB695B0002FA5A
:1054600003F3BA691343BB617B68BA69DA603B68CE
:105470005B6803F00303022B23D1FB69DA087B6826
:10548000083253F82230BB61FB6903F007039B002D
:105490000F2202FA03F3DB43BA691340BB613B6896
:1054A0001A69FB6903F007039B0002FA03F3BA6968
:1054B0001343BB61FB69DA087B680832B96943F8BA
:1054C00022107B681B68BB61FB695B00032202FA48
:1054D00003F3DB43BA691340BB613B685B6803F0CD
:1054E0000302FB695B0002FA03F3BA691343BB6171
:1054F0007B68BA691A603B685B6803F44033002B31
:1055000000F0E0802F4BD3F8F4302E4A43F0020332
:10551000C2F8F4302B4BD3F8F43003F00203FB60F5
:10552000FB68294AFB699B08023352F82330BB61B0
:10553000FB6903F003039B000F2202FA03F3DB4332
:10554000BA691340BB617B68204A934252D07B68A2
:105550001F4A934231D07B681E4A93422BD07B680E
:105560001D4A934225D07B681C4A93421FD07B681A
:105570001B4A934219D07B681A4A934213D07B6826
:10558000194A93420DD07B68184A934207D07B6832
:10559000174A934201D109232DE00A232BE0082367
:1055A00029E0072327E0062325E0052323E0042341
:1055B00021E003231FE002231DE001231BE000BFC5
:1055C00080000058004402580004005800000258AF
:1055D0000004025800080258000C0258001002583B
:1055E0000014025800180258001C025800200258EB
:1055F000002402580023FA6902F00302920093404B
:10560000BA691343BB613849FB699B080233BA6925
:1056100041F823204FF0B0431B68BB613B69DB437B
:10562000BA691340BB613B685B6803F48013002BCD
:1056300003D0BA693B691343BB614FF0B042BB6909
:1056400013604FF0B0435B68BB613B69DB43BA69F1
:105650001340BB613B685B6803F40013002B03D06D
:10566000BA693B691343BB614FF0B042BB695360F9
:105670007B695B68BB613B69DB43BA691340BB6113
:105680003B685B6803F40033002B03D0BA693B69C5
:105690001343BB617B69BA695A607B691B68BB6154
:1056A0003B69DB43BA691340BB613B685B6803F449
:1056B0008033002B03D0BA693B691343BB617B691C
:1056C000BA691A60FB690133FB613B681A68FB69C0
:1056D00022FA03F3002B7FF463AE00BF00BF243730
:1056E000BD465DF8047B70470004005880B483B069
:1056F00000AF78600B467B8013467B707B78002B75
:1057000003D07A887B689A6103E07B881A047B68FF
:105710009A6100BF0C37BD465DF8047B704780B5C9
:1057200082B000AF0346FB804FF0B043D3F888202F
:10573000FB881340002B08D04FF0B042FB88C2F822
:105740008830FB881846FCF78BFA00BF0837BD4647
:1057500080BD000080B584B000AF7860194BDB6875
:1057600003F00403042B0AD0164BDB6803F0070395
:105770007A689A4201D001231FE000231DE0114BFB
:10578000DB6823F007020F497B681343CB6000F00E
:10579000A1F8F86009E000F09DF80246FB68D31A12
:1057A000B3F57A7F01D9012307E0064B5B6803F468
:1057B0000053B3F5005FEED1002318461037BD4605
:1057C00080BD00BF0048025880B582B000AF032002
:1057D000FCF7DEFDFDF7D8FD0246154B9B691B0A61
:1057E00003F00F031349CB5C03F01F0322FA03F30A
:1057F0007B600F4B9B6903F00F030E4AD35C03F0F1
:105800001F037A6822FA03F30B4A13600B4A7B6882
:1058100013600F2000F014F80346002B01D0012381
:1058200002E0FCF793FB002318460837BD4680BD15
:105830000044025840D7000874050020700500207D
:1058400080B582B000AF7860154B1B78002B01D17A
:10585000012321E0134B1A68114B1B7819464FF4B2
:105860007A73B3FBF1F3B2FBF3F31846FCF7C3FD15
:105870000346002B01D001230EE07B680F2B0AD8D2
:10588000002279684FF0FF30FCF78DFD064A7B68F7
:105890001360002300E0012318460837BD4680BD91
:1058A0006C050020700500206805002080B400AF62
:1058B000064B1B781A46064B1B681344044A1360B8
:1058C00000BFBD465DF8047B704700BF6C0500203B
:1058D0008C0B002080B400AF034B1B681846BD46FC
:1058E0005DF8047B704700BF8C0B002080B584B04E
:1058F00000AF7860FFF7EEFFB8607B68FB60FB6885
:10590000B3F1FF3F05D00A4B1B781A46FB681344DE
:10591000FB6000BFFFF7DEFF0246BB68D31AFA68E0
:105920009A42F7D800BF00BF1037BD4680BD00BF08
:105930006C05002080B400AF034B1B681B0C18469D
:10594000BD465DF8047B70470010005C80B584B0F4
:1059500000AF78607B68002B01D101230FE17B68E9
:1059600000229A627B681B68874A93420FD07B684B
:105970001B68864A93420AD07B681B68844A93421C
:1059800005D07B68DB680F2B01D90123F7E078682D
:1059900000F008FDF8607B681B687B4A93420CD0DE
:1059A0007B681B68794A934207D07B681B68784AFA
:1059B000934202D0FB68082B11D87B681B68724A9F
:1059C000934209D07B681B68704A934204D07B687D
:1059D0001B686F4A934204D1FB68102B01D9012345
:1059E000CDE07B6893F88130DBB2002B06D17B6879
:1059F000002283F880207868FCF72AFB7B6802226B
:105A000083F881207B681B681A687B681B6822F01A
:105A100001021A607B681B689B6803F4F813BB6083
:105A20007B689B69B3F1806F19D17B685B68B3F5C4
:105A3000800F03D17B689B6B002B08D07B685B6871
:105A4000002B0CD17B689B6BB3F1805F07D17B6827
:105A50001B681A687B681B6842F480521A607B6876
:105A60005B6803F48003002B0FD07B68DB68062B98
:105A70000BD97B681B681B6823F480717B681A6DE7
:105A80007B681B680A431A6007E07B681B681A681A
:105A90007B681B6822F480721A607B68DA697B6815
:105AA0009B6A1A43BB681A437B68DB6B42EA0301BB
:105AB0007B68DA687B681B680A439A607B685A6B6C
:105AC0007B685B6A1A437B689B6B1A437B689B69A4
:105AD0001A437B681B691A437B685B691A437B68BE
:105AE0001B6A1A437B685B681A437B68DB6C1A434A
:105AF0007B689B681A437B689B6C42EA03017B6866
:105B00009A6D7B681B680A43DA607B685B68002BD0
:105B100013D17B681B689B6823F4C0527B681B68A9
:105B200042F400629A607B681B689B6823F4C06241
:105B30007B681B6842F480629A607B681B681A6D00
:105B40007B681B6822F001021A657B685B6803F4BE
:105B50008003002B0AD07B681B68DB6823F00041C0
:105B60007B685A6D7B681B680A43DA607B68002299
:105B7000C3F884207B68012283F881200023184623
:105B80001037BD4680BD00BF0030014000380040E6
:105B9000003C004080B58EB002AFF860B9607A601A
:105BA0007B80FB681B6820337B62FB681B6830339B
:105BB0003B62FB68DB6B5B099BB20133FB83FFF746
:105BC00089FEB8617B887B857B883B85FB6893F881
:105BD0008130DBB2012B01D0022310E3BB68002B24
:105BE00005D07B68002B02D07B88002B01D10123DC
:105BF00005E3FB6893F88030012B01D10223FEE21C
:105C0000FB68012283F88020FB68052283F881204D
:105C1000FB680022C3F88420FB687A685A66FB6838
:105C20007A88A3F86A20FB687A88A3F86820FB6862
:105C3000BA68DA65FB687A88A3F86220FB687A881C
:105C4000A3F86020FB6800221A67FB6800225A67ED
:105C5000FB681B68DA68FB681B6822F4C022DA6004
:105C6000FB681B68704A934209D0FB681B686F4A47
:105C7000934204D0FB681B686D4A934202D1102303
:105C8000FB6201E00823FB62FB681B685A68694BF2
:105C900013407988FA6812680B435360FB681B68ED
:105CA0001A68FB681B6842F001021A60FB685B68B7
:105CB000B3F5800F07D1FB681B681A68FB681B6887
:105CC00042F400721A60FB68DB680F2B40F2A2807E
:105CD000FB6A9B08FB6294E0FB681B685B6903F04E
:105CE0000203022B20D17B8D002B1DD03A8D798DA4
:105CF000FB6A0B449A4217D2FB68DA6DFB681B689B
:105D000012681A62FB68DB6D1A1DFB68DA65FB68B6
:105D1000B3F862309BB2013B9AB2FB68A3F86220F1
:105D2000FB68B3F862307B85FB681B685B697B614D
:105D30003B8D002B65D0FB681B685B6903F001039A
:105D4000012B18D1FB681A68FB685B6E126B1A6036
:105D5000FB685B6E1A1DFB685A66FB68B3F86A3015
:105D60009BB2013B9AB2FB68A3F86A20FB68B3F8C8
:105D70006A303B8545E03A8DFB8B9A421DD27B69A8
:105D800003F40043002B18D0FB681A68FB685B6EB5
:105D9000126B1A60FB685B6E1A1DFB685A66FB6823
:105DA000B3F86A309BB2013B9AB2FB68A3F86A2051
:105DB000FB68B3F86A303B8523E0FFF78BFD0246B2
:105DC000BB69D31ABA6B9A4203D8BB6BB3F1FF3FDE
:105DD00002D1BB6B002B14D1F86800F015FAFB68F8
:105DE000D3F8843043F48072FB68C3F88420FB68E6
:105DF000012283F88120FB68002283F8802003239E
:105E0000FDE17B8D002B7FF467AF3B8D002B7FF492
:105E100063AFCEE1FB68DB68072B40F2C281FB6A0F
:105E20005B08FB62C9E000BF003001400038004061
:105E3000003C00400000FFFFFB681B685B6903F04B
:105E40000203022B1FD17B8D002B1CD03A8D798D44
:105E5000FB6A0B449A4216D2FB68DB6D1A887B6A98
:105E60001A80FB68DB6D9A1CFB68DA65FB68B3F887
:105E700062309BB2013B9AB2FB68A3F86220FB68D8
:105E8000B3F862307B85FB681B685B697B613B8D87
:105E9000002B00F09280FB681B685B6903F0010334
:105EA000012B18D1FB685B6E3A6A128892B21A8095
:105EB000FB685B6E9A1CFB685A66FB68B3F86A3035
:105EC0009BB2013B9AB2FB68A3F86A20FB68B3F867
:105ED0006A303B8571E03A8DFB8B9A4228D27B6910
:105EE00003F40043002B23D0FB685B6E3A6A1288F0
:105EF00092B21A80FB685B6E9A1CFB685A66FB685C
:105F00005B6E3A6A128892B21A80FB685B6E9A1CCA
:105F1000FB685A66FB68B3F86A309BB2023B9AB2E0
:105F2000FB68A3F86A20FB68B3F86A303B8544E05D
:105F30003B8D012B1DD17B6903F40053002B18D03E
:105F4000FB685B6E3A6A128892B21A80FB685B6EDD
:105F50009A1CFB685A66FB68B3F86A309BB2013B37
:105F60009AB2FB68A3F86A20FB68B3F86A303B85F5
:105F700023E0FFF7AFFC0246BB69D31ABA6B9A4223
:105F800003D8BB6BB3F1FF3F02D1BB6B002B14D125
:105F9000F86800F039F9FB68D3F8843043F4807274
:105FA000FB68C3F88420FB68012283F88120FB682A
:105FB000002283F88020032321E17B8D002B7FF4D6
:105FC0003BAF3B8D002B7FF437AFF2E0FB681B68E3
:105FD0005B6903F00203022B21D17B8D002B1ED0C5
:105FE0003A8D798DFB6A0B449A4218D2FB68DA6DC0
:105FF000FB681B68203312781A70FB68DB6D5A1C33
:10600000FB68DA65FB68B3F862309BB2013B9AB279
:10601000FB68A3F86220FB68B3F862307B85FB68FD
:106020001B685B697B613B8D002B00F0BA80FB68CD
:106030001B685B6903F00103012B1BD1FB681B6824
:1060400003F13002FB685B6E1278D2B21A70FB6803
:106050005B6E5A1CFB685A66FB68B3F86A309BB2E9
:10606000013B9AB2FB68A3F86A20FB68B3F86A3078
:106070003B8596E03A8DFB8B9A424AD27B6903F4CA
:106080000043002B45D0FB681B6803F13002FB681E
:106090005B6E1278D2B21A70FB685B6E5A1CFB689A
:1060A0005A66FB681B6803F13002FB685B6E12786E
:1060B000D2B21A70FB685B6E5A1CFB685A66FB68AA
:1060C0001B6803F13002FB685B6E1278D2B21A7063
:1060D000FB685B6E5A1CFB685A66FB681B6803F121
:1060E0003002FB685B6E1278D2B21A70FB685B6E8E
:1060F0005A1CFB685A66FB68B3F86A309BB2043BD3
:106100009AB2FB68A3F86A20FB68B3F86A303B8553
:1061100047E03B8D032B20D87B6903F4C043002B61
:106120001BD0FB681B6803F13002FB685B6E1278C2
:10613000D2B21A70FB685B6E5A1CFB685A66FB6829
:10614000B3F86A309BB2013B9AB2FB68A3F86A20AD
:10615000FB68B3F86A303B8523E0FFF7BBFB0246E0
:10616000BB69D31ABA6B9A4203D8BB6BB3F1FF3F3A
:1061700002D1BB6B002B14D1F86800F045F8FB6826
:10618000D3F8843043F48072FB68C3F88420FB6842
:10619000012283F88120FB68002283F880200323FA
:1061A0002DE07B8D002B7FF411AF3B8D002B7FF416
:1061B0000DAFBB690093BB6B00220821F86800F0AB
:1061C000C3F80346002B07D0FB68D3F8843043F0B4
:1061D0002002FB68C3F88420F86800F015F8FB681B
:1061E000012283F88120FB68002283F88020FB686D
:1061F000D3F88430002B01D0012300E0002318469F
:106200003037BD4680BD00BF80B485B000AF786038
:106210007B681B685B69FB607B681B689A697B68AD
:106220001B6842F008029A617B681B689A697B6868
:106230001B6842F010029A617B681B681A687B68D1
:106240001B6822F001021A607B681B6819697B6871
:106250001A683C4B0B4013617B681B689A687B682B
:106260001B6822F440429A607B6893F88130DBB26D
:10627000042B14D0FB6803F02003002B0FD07B68A5
:10628000D3F8843043F080027B68C3F884207B68B5
:106290001B689A697B681B6842F020029A617B68E0
:1062A00093F88130DBB2032B14D0FB6803F040037A
:1062B000002B0FD07B68D3F8843043F004027B6856
:1062C000C3F884207B681B689A697B681B6842F06E
:1062D00040029A61FB6803F40073002B0FD07B68C7
:1062E000D3F8843043F001027B68C3F884207B68D4
:1062F0001B689A697B681B6842F400729A61FB68AC
:1063000003F48073002B0FD07B68D3F8843043F004
:1063100008027B68C3F884207B681B689A697B68E5
:106320001B6842F480729A617B680022A3F86220A5
:106330007B680022A3F86A2000BF1437BD465DF8D1
:10634000047B704790FCFFFF80B584B000AFF8601D
:10635000B9603B601346FB7110E0FFF7BBFA0246E1
:10636000BB69D31A3A689A4203D83B68B3F1FF3F3E
:1063700002D13B68002B01D103230FE0FB681B68AF
:106380005A69BB681340BA689A420CBF01230023C4
:10639000DBB21A46FB799A42DFD000231846103749
:1063A000BD4680BD80B485B000AF78607B68DB6B94
:1063B0005B090133FB607B68DB680133BB60BB6852
:1063C0000733DB08BB60BB68FA6802FB03F31846BF
:1063D0001437BD465DF8047B704780B582B000AFCE
:1063E00078607B68002B01D1012342E07B68D3F801
:1063F0008830002B06D17B68002283F884207868DF
:10640000FBF78EFE7B682422C3F888207B681B681C
:106410001A687B681B6822F001021A607B689B6A1D
:10642000002B02D0786800F01FFE786800F0B4F806
:106430000346012B01D101231BE07B681B685A68CE
:106440007B681B6822F490425A607B681B689A68DC
:106450007B681B6822F02A029A607B681B681A68B6
:106460007B681B6842F001021A60786800F09EFEAB
:10647000034618460837BD4680BD80B58AB002AFD6
:10648000F860B9603B601346FB80FB68D3F8883046
:10649000202B7BD1BB68002B02D0FB88002B01D1C5
:1064A000012374E0FB680022C3F89020FB682122DE
:1064B000C3F88820FFF70EFA7861FB68FA88A3F822
:1064C0005420FB68FA88A3F85620FB689B68B3F554
:1064D000805F08D1FB681B69002B04D10023FB619E
:1064E000BB68BB6103E0BB68FB610023BB6130E0BC
:1064F0003B6800937B6900228021F86800F000FF70
:106500000346002B05D0FB682022C3F88820032314
:106510003DE0FB69002B0BD1BB691B881A46FB6869
:106520001B68C2F308029A62BB690233BB6107E0D1
:10653000FB691A78FB681B689A62FB690133FB618F
:10654000FB68B3F856309BB2013B9AB2FB68A3F8E4
:106550005620FB68B3F856309BB2002BC8D13B687D
:1065600000937B6900224021F86800F0C9FE0346D1
:10657000002B05D0FB682022C3F88820032306E007
:10658000FB682022C3F88820002300E0022318467D
:106590002037BD4680BD00002DE9B04F92B000AF5E
:1065A0007861002387F842307B699A687B691B69B0
:1065B0001A437B695B691A437B69DB6913437B641C
:1065C0007B691B681A68BE4B13407A691268796C44
:1065D0000B4313607B691B685B6823F440517B6944
:1065E000DA687B691B680A435A607B699B697B6434
:1065F0007B691B68B34A934204D07B691B6A7A6C3F
:1066000013437B647B691B689A68AF4B13407A69BC
:106610001268796C0B4393607B691B68DB6A23F01B
:106620000F017B695A6A7B691B680A43DA627B69DE
:106630001B68A64A934277D1A54B5B6D03F03803E4
:10664000282B6DD801A252F823F000BFF166000894
:1066500021670008216700082167000821670008FA
:10666000216700082167000821670008F966000813
:1066700021670008216700082167000821670008DA
:1066800021670008216700082167000801670008EA
:1066900021670008216700082167000821670008BA
:1066A00021670008216700082167000809670008C2
:1066B000216700082167000821670008216700089A
:1066C000216700082167000821670008116700089A
:1066D000216700082167000821670008216700087A
:1066E0002167000821670008216700081967000872
:1066F000012387F8433022E2042387F843301EE267
:10670000082387F843301AE2102387F8433016E253
:10671000202387F8433012E2402387F843300EE20B
:10672000802387F843300AE27B691B68694A9342F9
:1067300030D1674B5B6D03F00703052B26D801A210
:1067400052F823F05D670008656700086D67000870
:10675000756700087D67000885670008002387F8D3
:106760004330ECE1042387F84330E8E1082387F85D
:106770004330E4E1102387F84330E0E1202387F839
:106780004330DCE1402387F84330D8E1802387F8A9
:106790004330D4E17B691B684F4A934230D14C4B64
:1067A0005B6D03F00703052B26D801A252F823F0F6
:1067B000C9670008D1670008D9670008E1670008C9
:1067C000E9670008F1670008002387F84330B6E165
:1067D000042387F84330B2E1082387F84330AEE161
:1067E000102387F84330AAE1202387F84330A6E13D
:1067F000402387F84330A2E1802387F843309EE1AD
:106800007B691B68354A934230D1314B5B6D03F095
:106810000703052B26D801A252F823F0356800089B
:106820003D680008456800084D6800085568000884
:106830005D680008002387F8433080E1042387F86F
:1068400043307CE1082387F8433078E1102387F850
:10685000433074E1202387F8433070E1402387F808
:1068600043306CE1802387F8433068E17B691B6823
:106870001B4A934242D1164B5B6D03F00703052B75
:1068800038D801A252F823F0A1680008A9680008CE
:10689000B1680008B9680008E5680008ED680008FC
:1068A000002387F843304AE1042387F8433046E168
:1068B000082387F8433042E1102387F843303EE154
:1068C000F369FFCF000C0058FFF4FF1100100140E6
:1068D000004402580044004000480040004C004082
:1068E00000500040202387F8433028E1402387F8F8
:1068F000433024E1802387F8433020E17B691B6823
:10690000CB4A934276D1CB4B5B6D03F03803282BF7
:106910006CD801A252F823F0BD690008ED690008A7
:10692000ED690008ED690008ED690008ED690008EF
:10693000ED690008ED690008C5690008ED69000807
:10694000ED690008ED690008ED690008ED690008CF
:10695000ED690008ED690008CD690008ED690008DF
:10696000ED690008ED690008ED690008ED690008AF
:10697000ED690008ED690008D5690008ED690008B7
:10698000ED690008ED690008ED690008ED6900088F
:10699000ED690008ED690008DD690008ED6900088F
:1069A000ED690008ED690008ED690008ED6900086F
:1069B000ED690008ED690008E5690008012387F822
:1069C0004330BCE0042387F84330B8E0082387F85D
:1069D0004330B4E0102387F84330B0E0202387F839
:1069E0004330ACE0402387F84330A8E0802387F8A9
:1069F0004330A4E07B691B688F4A934230D18D4BB2
:106A00005B6D03F00703052B26D801A252F823F093
:106A1000296A0008316A0008396A0008416A0008DA
:106A2000496A0008516A0008002387F8433086E06D
:106A3000042387F8433082E0082387F843307EE060
:106A4000102387F843307AE0202387F8433076E03C
:106A5000402387F8433072E0802387F843306EE0AC
:106A60007B691B68754A934230D1724B5B6D03F0B2
:106A70000703052B26D801A252F823F0956A0008D7
:106A80009D6A0008A56A0008AD6A0008B56A00089A
:106A9000BD6A0008002387F8433050E0042387F8DC
:106AA00043304CE0082387F8433048E0102387F850
:106AB000433044E0202387F8433040E0402387F808
:106AC00043303CE0802387F8433038E07B691B6823
:106AD0005B4A934230D1574B9B6D03F00703052B64
:106AE00026D801A252F823F0016B0008096B0008B8
:106AF000116B0008196B0008216B0008296B000856
:106B0000022387F843301AE0042387F8433016E065
:106B1000082387F8433012E0102387F843300EE053
:106B2000202387F843300AE0402387F8433006E00B
:106B3000802387F8433002E0802387F843307B6965
:106B40001B683F4A934240F0F88097F84330202B6F
:106B500046DC022BC0F28280023B1E2B7ED801A2B3
:106B600052F823F0E76B00085D6C0008EF6B00083B
:106B70005D6C00085D6C00085D6C0008FF6B000830
:106B80005D6C00085D6C00085D6C00085D6C0008C1
:106B90005D6C00085D6C00085D6C00080F6C0008FF
:106BA0005D6C00085D6C00085D6C00085D6C0008A1
:106BB0005D6C00085D6C00085D6C00085D6C000891
:106BC0005D6C00085D6C00085D6C00085D6C000881
:106BD0005D6C00085D6C00085D6C00084F6C00087F
:106BE000402B37D03AE0FDF7AFFFF8633CE007F108
:106BF00024031846FDF7BEFFBB6AFB6334E007F1D0
:106C000018031846FEF70AF9FB69FB632CE0094BF1
:106C10001B6803F02003002B16D0064B1B68DB0813
:106C200003F00303074A22FA03F3FB631CE000BFEF
:106C3000001401400044025800780040007C0040ED
:106C4000000C00580090D0039D4BFB630CE09D4B63
:106C5000FB6309E04FF40043FB6305E00023FB63A3
:106C6000012387F8423000BFFB6B002B00F0DE8170
:106C70007B695B6A944A32F813301A46FB6BB3FBAC
:106C8000F2F33B637B695A6813465B0013443A6B2B
:106C90009A4205D37B695B681B033A6B9A4203D91E
:106CA000012387F84230C1E1FB6B0022BB60FA6030
:106CB0007B695B6A844A32F813309BB200223B60E6
:106CC0007A60D7E90023D7E90201F9F7F9FA024619
:106CD0000B46104619464FF000024FF000030B021E
:106CE00043EA1063020279694968490800200C46AA
:106CF000054612EB040843EB05097B695B6800223B
:106D00009A46934652465B4640464946F9F7D8FABA
:106D100002460B461346BB63BB6BB3F5407F08D3FB
:106D2000BB6BB3F5801F04D27B691B68BA6BDA605A
:106D30007CE1012387F8423078E17B69DB69B3F5B8
:106D4000004F40F0C58097F84330202B48DC002BE3
:106D50007BDB202B79D801A252F823F0E76D0008E5
:106D6000EF6D00084B6E00084B6E0008F76D0008D1
:106D70004B6E00084B6E00084B6E0008076E000853
:106D80004B6E00084B6E00084B6E00084B6E0008FF
:106D90004B6E00084B6E00084B6E0008176E000823
:106DA0004B6E00084B6E00084B6E00084B6E0008DF
:106DB0004B6E00084B6E00084B6E00084B6E0008CF
:106DC0004B6E00084B6E00084B6E00084B6E0008BF
:106DD0004B6E00084B6E00084B6E00083D6E0008BD
:106DE000402B2ED031E0FCF779FCF86333E0FCF760
:106DF0008BFCF8632FE007F124031846FDF7BAFE79
:106E0000BB6AFB6327E007F118031846FEF706F894
:106E1000FB69FB631FE02D4B1B6803F02003002B75
:106E200009D02A4B1B68DB0803F00303244A22FA2B
:106E300003F3FB630FE0224BFB630CE0214BFB638E
:106E400009E04FF40043FB6305E00023FB630123EB
:106E500087F8423000BFFB6B002B00F0E7807B69B6
:106E60005B6A194A32F813301A46FB6BB3FBF2F334
:106E70005A007B695B685B081A447B695B68B2FBFC
:106E8000F3F3BB63BB6B0F2B16D9BB6BB3F5803F22
:106E900012D2BB6B9BB223F00F03FB86BB6B5B086C
:106EA0009BB203F007039AB2FB8E1343FB867B6908
:106EB0001B68FA8EDA60B9E0012387F84230B5E04A
:106EC0000090D00300093D0018D700080044025884
:106ED00097F84330202B49DC002B7CDB202B7AD821
:106EE00001A252F823F000BF736F00087B6F000807
:106EF000D76F0008D76F0008836F0008D76F0008AE
:106F0000D76F0008D76F0008936F0008D76F00088D
:106F1000D76F0008D76F0008D76F0008D76F000839
:106F2000D76F0008D76F0008A36F0008D76F00085D
:106F3000D76F0008D76F0008D76F0008D76F000819
:106F4000D76F0008D76F0008D76F0008D76F000809
:106F5000D76F0008D76F0008D76F0008D76F0008F9
:106F6000D76F0008D76F0008C96F0008402B2ED0DC
:106F700031E0FCF7B3FBF86333E0FCF7C5FBF863E3
:106F80002FE007F124031846FDF7F4FDBB6AFB630D
:106F900027E007F118031846FDF740FFFB69FB6384
:106FA0001FE02D4B1B6803F02003002B09D02A4B58
:106FB0001B68DB0803F00303284A22FA03F3FB6390
:106FC0000FE0264BFB630CE0254BFB6309E04FF41D
:106FD0000043FB6305E00023FB63012387F8423095
:106FE00000BFFB6B002B21D07B695B6A1D4A32F826
:106FF00013301A46FB6BB3FBF2F27B695B685B08EC
:107000001A447B695B68B2FBF3F3BB63BB6B0F2B6A
:1070100009D9BB6BB3F5803F05D2BB6B9AB27B69D4
:107020001B68DA6002E0012387F842307B690122A5
:10703000A3F86A207B690122A3F868207B690022FB
:107040005A677B6900229A6797F84230184648379A
:10705000BD46BDE8B08F00BF004402580090D00389
:1070600000093D0018D7000880B483B000AF7860F5
:107070007B689B6A03F00803002B0AD07B681B68BF
:107080005B6823F400417B689A6B7B681B680A434A
:107090005A607B689B6A03F00103002B0AD07B686F
:1070A0001B685B6823F400317B68DA6A7B681B68C5
:1070B0000A435A607B689B6A03F00203002B0AD0E4
:1070C0007B681B685B6823F480317B681A6B7B6884
:1070D0001B680A435A607B689B6A03F00403002B19
:1070E0000AD07B681B685B6823F480217B685A6B3D
:1070F0007B681B680A435A607B689B6A03F0100335
:10710000002B0AD07B681B689B6823F480517B6846
:10711000DA6B7B681B680A439A607B689B6A03F0A2
:107120002003002B0AD07B681B689B6823F4005166
:107130007B681A6C7B681B680A439A607B689B6A51
:1071400003F04003002B1AD07B681B685B6823F4B4
:1071500080117B685A6C7B681B680A435A607B68A5
:107160005B6CB3F5801F0AD17B681B685B6823F4F6
:10717000C0017B689A6C7B681B680A435A607B6815
:107180009B6A03F08003002B0AD07B681B685B6856
:1071900023F400217B68DA6C7B681B680A435A6021
:1071A00000BF0C37BD465DF8047B704780B598B0D2
:1071B00002AF78607B680022C3F89020FEF78AFB5C
:1071C00078657B681B681B6803F00803082B2FD1C8
:1071D0006FF07E4300937B6D00224FF400117868BE
:1071E00000F08EF80346002B22D07B681B68BB633F
:1071F000BB6B53E8003F7B637B6B23F080033B65F5
:107200007B681B681A463B6D7B643A64396C7A6C08
:1072100041E80023FB63FB6B002BE6D17B68202257
:10722000C3F888207B68002283F88420032363E06E
:107230007B681B681B6803F00403042B49D16FF0C3
:107240007E4300937B6D00224FF48001786800F04C
:1072500057F80346002B3CD07B681B687B627B6A37
:1072600053E8003F3B623B6A23F49073FB647B6806
:107270001B681A46FB6C3B63FA62F96A3A6B41E899
:107280000023BB62BB6A002BE6D17B681B68083316
:107290003B613B6953E8003FFB60FB6823F001035F
:1072A000BB647B681B680833BA6CFA61BB61B9695F
:1072B000FA6941E800237B617B69002BE5D17B689B
:1072C0002022C3F88C207B68002283F884200323CB
:1072D00012E07B682022C3F888207B682022C3F854
:1072E0008C207B680022DA667B6800221A677B6844
:1072F000002283F88420002318465837BD4680BDFD
:1073000080B584B000AFF860B9603B601346FB7194
:107310004FE0BB69B3F1FF3F4BD0FEF7DBFA02460B
:107320003B68D31ABA699A4202D3BB69002B01D1D8
:1073300003234EE0FB681B681B6803F00403002B6B
:1073400037D0BB68802B34D0BB68402B31D0FB6872
:107350001B68DB6903F00803082B10D1FB681B686E
:1073600008221A62F86800F039F8FB680822C3F8AE
:107370009020FB68002283F88420012329E0FB6829
:107380001B68DB6903F40063B3F5006F11D1FB6880
:107390001B684FF400621A62F86800F01FF8FB687F
:1073A0002022C3F89020FB68002283F88420032366
:1073B0000FE0FB681B68DA69BB681340BA689A4241
:1073C0000CBF01230023DBB21A46FB799A42A0D0FE
:1073D000002318461037BD4680BD000080B495B02C
:1073E00000AF78607B681B687B637B6B53E8003F72
:1073F0003B633B6B23F49073FB647B681B681A460A
:10740000FB6C3B64FA63F96B3A6C41E80023BB63A5
:10741000BB6B002BE6D17B681B6808333B623B6A81
:1074200053E8003FFB61FA691E4B1340BB647B6865
:107430001B680833BA6CFA62BB62B96AFA6A41E83F
:1074400000237B627B6A002BE5D17B68DB6E012B1E
:1074500018D17B681B68FB60FB6853E8003FBB608A
:10746000BB6823F010037B647B681B681A467B6C47
:10747000BB617A617969BA6941E800233B613B6984
:10748000002BE6D17B682022C3F88C207B68002289
:10749000DA667B6800225A6700BF5437BD465DF844
:1074A000047B7047FEFFFFEF80B584B000AF7860CB
:1074B0007B6893F88430012B01D102232BE07B6899
:1074C000012283F884207B682422C3F888207B680B
:1074D0001B681B68FB607B681B681A687B681B68FD
:1074E00022F001021A60FB6843F00053FB607B68E6
:1074F0004FF000525A667B681B68FA681A60786819
:1075000000F08AF87B682022C3F888207B6800227C
:1075100083F88420002318461037BD4680BD80B50F
:1075200084B000AF786039607B6893F88430012BB9
:1075300001D102232DE07B68012283F884207B683F
:107540002422C3F888207B681B681B68FB607B686B
:107550001B681A687B681B6822F001021A607B684E
:107560001B689B6823F060417B681B683A680A438C
:107570009A60786800F050F87B681B68FA681A60B7
:107580007B682022C3F888207B68002283F884204F
:10759000002318461037BD4680BD80B584B000AFCB
:1075A000786039607B6893F88430012B01D1022325
:1075B0002DE07B68012283F884207B682422C3F8B5
:1075C00088207B681B681B68FB607B681B681A68E7
:1075D0007B681B6822F001021A607B681B689B684D
:1075E00023F060617B681B683A680A439A60786898
:1075F00000F012F87B681B68FA681A607B6820222A
:10760000C3F888207B68002283F884200023184672
:107610001037BD4680BD000080B485B000AF7860F3
:107620007B685B6E002B08D17B680122A3F86A207F
:107630007B680122A3F8682031E01023FB7310233C
:10764000BB737B681B689B685B0EDBB203F00703B0
:107650007B737B681B689B685B0FDBB203F00703DF
:107660003B73BB7B3A7B11498A5C02FB03F33A7B99
:107670000F498A5C93FBF2F39AB27B68A3F86A2005
:10768000FB7B7A7B09498A5C02FB03F37A7B08491E
:107690008A5C93FBF2F39AB27B68A3F8682000BF80
:1076A0001437BD465DF8047B704700BF30D7000833
:1076B00038D7000880B400AF434BD3F88830424A33
:1076C00043F47003C2F88830404B1B6803F00F038B
:1076D000062B07D83D4B1B6823F00F033B4A43F0B2
:1076E000070313603A4B1B68394A43F001031360E8
:1076F000374B00221A61364B1A683549354B134017
:107700000B60324B1B6803F00803002B07D02F4B94
:107710001B6823F00F032D4A43F0070313602C4B23
:1077200000229A612A4B0022DA61294B00221A6258
:10773000274B294A9A62264B284ADA62244B284A68
:107740001A63234B00225A63214B254A9A63204B2C
:107750000022DA631E4B224A1A641D4B00225A642F
:107760001B4B1B681A4A23F480231360184B00221A
:107770001A661C4B1A681C4B1340B3F1005F02D20F
:107780001A4B01221A60124BD3F8D43003F4805301
:10779000002B13D10E4BD3F8D4300D4A43F4805351
:1077A000C2F8D430124B43F2D2021A60084BD3F81D
:1077B000D430074A23F48053C2F8D43000BFBD460A
:1077C0005DF8047B704700BF00ED00E00020005230
:1077D000004402587FEDF6EA000202020000FF01B9
:1077E000800201010010005C0000FFFF08810051D1
:1077F0000040005280B400AF094BDB68084A43F0F8
:107800000203D36000BF064B5B6803F40053002BF8
:10781000F9D000BF00BFBD465DF8047B704700BFD4
:107820000048025880B586B000AF7860144A154B06
:10783000D31A7B617B693B61134B1B68002B02D120
:10784000114B124A1A60104B1A687B6813443A694C
:107850009A4207D2F9F7D2FE03460C221A604FF083
:10786000FF3309E0084B1B68FB60074B1A687B6815
:107870001344054A1360FB6818461837BD4680BD9F
:107880000000022000040000900B0020980B002054
:1078900080B400AF01231846BD465DF8047B7047F5
:1078A00080B582B000AF78603960F9F7A7FE034673
:1078B00016221A604FF0FF3318460837BD4680BDC8
:1078C00080B582B000AF78604FF0FF317868FFF785
:1078D000E7FF00BFFDE780B586B000AFF860B96094
:1078E0007A6000237B610AE0AFF300800146BB6849
:1078F0005A1CBA60CAB21A707B6901337B617A691B
:107900007B689A42F0DB7B6818461837BD4680BD1D
:1079100080B586B000AFF860B9607A6000237B6103
:1079200009E0BB685A1CBA601B781846AFF30080A8
:107930007B6901337B617A697B689A42F1DB7B6802
:1079400018461837BD4680BD80B483B000AF78605C
:107950004FF0FF3318460C37BD465DF8047B704787
:1079600080B483B000AF786039603B684FF4005258
:107970005A60002318460C37BD465DF8047B7047FB
:1079800080B483B000AF7860012318460C37BD4641
:107990005DF8047B704780B485B000AFF860B960D3
:1079A0007A60002318461437BD465DF8047B7047A3
:1079B000DFF838D0FFF71EFFFFF77CFE0C480D49BB
:1079C0000D4A002302E0D458C4500433C4188C423A
:1079D000F9D30A4A0A4C002301E013600432A242A0
:1079E000FBD3F9F707F8F9F78BFE70470000022088
:1079F00000000020E406002050DB0008E406002020
:107A0000940B0020FEE700002DE9F047089D0F468B
:107A100004468C46002B48D18A42164661D9B2FAF8
:107A200082F34BB1C3F1200201FA03FC20FA02F207
:107A30009E4042EA0C0C9C404FEA164EB7B2BCFB8B
:107A4000FEF1220C0EFB11CC42EA0C4201FB07F0C6
:107A5000904209D9B21801F1FF3C80F0EE809042CB
:107A600040F2EB8002393244121AA4B2B2FBFEF0AB
:107A70000EFB102244EA024400FB07F7A74209D993
:107A8000341900F1FF3280F0DA80A74240F2D7804B
:107A90003444023840EA0140E41B00211DB1DC40BF
:107AA0000023C5E90043BDE8F0878B4206D90DB13C
:107AB000C5E9000100210846BDE8F087B3FA83F16B
:107AC000002948D1BB4202D3824200F20781841AC6
:107AD00067EB030201209446002DE4D0C5E9004C79
:107AE000E1E7002A00F09280B2FA82F3002B40F026
:107AF000A8808A1A4FEA164E1FFA86FC0121200C34
:107B0000B2FBFEF70EFB172240EA02420CFB07F025
:107B1000904207D9B21807F1FF3802D2904200F222
:107B2000E2804746121AA4B2B2FBFEF00EFB10220E
:107B300044EA02440CFB00FCA44507D9341900F1C7
:107B4000FF3202D2A44500F2CB801046A4EB0C0415
:107B500040EA0740A2E7C1F120068B4022FA06FC6A
:107B60004CEA030C07FA01F420FA06F3F7404FEA57
:107B70001C49234300FA01F81FFA8CFEB7FBF9F009
:107B80001C0C09FB107744EA074400FB0EF7A742E0
:107B900002FA01F20AD91CEB040400F1FF3A80F06A
:107BA0009B80A74240F2988002386444E41B9FB255
:107BB000B4FBF9F309FB134447EA044403FB0EFE4C
:107BC000A64509D91CEB040403F1FF3780F082803D
:107BD000A6457FD9023B644443EA0040A4EB0E046F
:107BE000A0FB02E7BC427346B94663D360D05DB1E7
:107BF000B8EB030264EB090404FA06F622FA01F377
:107C00001E43CC40C5E9006400214CE762084808E7
:107C100042EAC1710B0C43EA00438AB242EA0342D2
:107C2000B3FBF6F1E407B4463746B6461F23B0FB74
:107C3000F6F0D21B41EA004161E7614614E71046C5
:107C400028E7C3F1200120FA01F29E4027FA01F152
:107C50009F403A434FEA164E1FFA86FCB1FBFEF7EF
:107C60000EFB1710110C41EA004107FB0CF8884588
:107C700004FA03F43AD9711807F1FF3001D28845AC
:107C80001FD8A1EB0801B1FBFEF808FB0CF70EFBB7
:107C9000181192B242EA0142BA422FD2B21808F148
:107CA000FF31C6D2BA42C4D2A8F102013244C0E7C1
:107CB000F0459CD2BEEB020367EB0C070138B946D6
:107CC00095E7A6EB08084144B81EB1FBFEF808FB97
:107CD0000CF7DCE73B467FE7504667E70846FBE6E4
:107CE0003444023832E7023F32441BE7A1EB08017B
:107CF0003846B1FBFEF808FB0CF7C8E7414698E7A9
:107D00000EB430B59CB06FF000411FAB04910791E9
:107D10000A4953F8042B029000240690084D086885
:107D2000019302A905951B9400F00EF8029B1C70AC
:107D30001CB0BDE8304003B0704700BF0C0000200D
:107D40000802FFFF000000002DE9F04F2DED048B2D
:107D5000CFB00C46079190460993824602F09AF8FC
:107D6000036811931846F8F7CBFA08221090002107
:107D70001EA8F8F79DFDA3891D0603D52369002BD6
:107D800001F0768000239FED728BCDE92333CDE99E
:107D9000143325AA0D932292174612931393059339
:107DA00045462C466C4BD3F8E46002F06DF81EAAF1
:107DB000034600921AA922465046B047002800F018
:107DC0009880C0F28E801A9A252A034601D01C445E
:107DD000E8E7B4EB0508064640F08F8000234FF03B
:107DE000FF328DF85F309B4606930134237804926E
:107DF00001349946A9F120035A2B00F2AF80DFE845
:107E000013F00203AD00AD00FE02AD00AD00AD0009
:107E1000E102AD00AD00AC02BB02AD00B702C4028E
:107E2000AD00C0025B005B005B005B005B005B00C1
:107E30005B005B005B00AD00AD00AD00AD00AD00D0
:107E4000AD00AD002101AD009C01B903210121016C
:107E50002101AD00AD00AD00AD00B503AD00AD003A
:107E60000C03AD00AD00AD007702AD005B03AD00CB
:107E7000AD009207AD00AD00AD00AD00AD00AD00AE
:107E8000AD00AD002101AD009C0187012101210160
:107E90002101D90387016C00AD00F303AD00E303BA
:107EA0002804FE036C00AD0077026A009403AD0065
:107EB000AD00FF07AD006A00A9F13003002214F8FD
:107EC000019B02EB820203EB4202A9F13003092B72
:107ED000F5D906928EE723788AE723784BF0200BBA
:107EE00086E7082200211EA8F8F7E2FC01231C44C3
:107EF00058E7B4EB0508064610D02399249B0131BE
:107F000043440729C7E900582493239117DC083715
:107F1000059B43440593002E7FF460AF249B002B08
:107F200041F01183079B9B8903F04003002B41F034
:107F3000088705984FB0BDEC048BBDE8F08F07991A
:107F400022AA504601F040FF0028EBD125AFDFE721
:107F5000000000000000000078050020B9F1000FCB
:107F6000DCD00023CDE90B3301228DF8D4908DF8BD
:107F70005F3008930A9204930E9335AD0392249ACE
:107F80001BF08403904600F007819DF85F1009B351
:107F9000DDF88CC000260CF101010120013278606F
:107FA00007290DF15F00CDE92312386000F3268424
:107FB00008377EB1DDF88CC00CF1010118A802323F
:107FC000386007294FF00200CDE92312786000F3F2
:107FD00008840837802B00F04F83049B0A995E1AAF
:107FE000002E00F3EA801BF4807F40F023810A9B7F
:107FF0007B601A44239B3D600133072B249223931B
:1080000000F3A58308371BF0040F05D0069B0399E6
:108010005D1A002D00F30084DDE9053103988142EB
:10802000ACBF5B181B180593002A40F06183002346
:108030002393089B1BB108995046F8F777FD25AFAD
:108040002546AEE6099B073323F00703B3EC028B0A
:108050009FEDA37BB0EEC86BB4EE476BF1EE10FA68
:10806000099300F34486B4EE488BF1EE10FA81F1E7
:10807000B285B9F1610F01F02E83B9F1410F01F022
:108080008084049B013301F09582B9F1670F18EEEB
:10809000903A4BF4807801F0E884B9F1470F01F091
:1080A000E4840023089318EE903A002BC1F2D884A0
:1080B000B0EE489B0026A9F14103252B01F2F38184
:1080C000DFE813F0F30CF109F109F109840AEE0A73
:1080D000F109F109F109F109F109F109F109F109D0
:1080E000F109F109F109F109F109F109F109F109C0
:1080F000F109F109F109F109F109F109F109F109B0
:10810000F109F109F30CF109F109F109840AEE0A08
:108110001BF0200F40F0E985099A1BF0100F52F870
:10812000046B41F01C861BF0400F099201F0978010
:1081300046F3C038434636B22CE2099BB9F1430FEF
:1081400003F1040603D01BF0100F00F06A8608222A
:10815000002120A8F8F7ACFB099B35AD1A68294629
:1081600020AB504603F07EFA034601330A9001F03B
:10817000E3850A9B23EAE37303930023249A8DF893
:108180005F30CDE90B33089304930E931BF0840307
:10819000099690467FF4F9AE0699039E8E1B002E39
:1081A00000F311849DF85F1000297FF4F1AE049B69
:1081B0000A995E1A002E7FF716AF4B49239B0F9149
:1081C000102E27DD39464FF0100837462E4625463B
:1081D000079C04E0103F102F01F1080116DD013368
:1081E00041481032072BC1E90008CDE92332F1DD07
:1081F00022AA2146504601F0E7FD002840F0808287
:10820000103F102FDDE9233225A9E8DC2C46354646
:108210003E460F4601330F9939603244072BCDE9B2
:1082200023327E6000F356841BF4807F07F1080739
:108230003FF4DDAEB9F1650F40F39382B5EE408BAC
:10824000F1EE10FA40F02A83239B2849396001336C
:1082500001320121072B24922393796000F36D876B
:108260000837199B0D998B4280F2DF84109B11997E
:108270001A44C7E90013239B24920133072B23934D
:1082800000F3D98508370D9B5D1E002D7FF7BBAE2F
:108290001549239B0F91102D40F38687A146DDF8E9
:1082A0001C8010260C4604E00837103D102D40F3CA
:1082B0007A8701331032072BC7E90046CDE9233214
:1082C000F2DD22AA4146504601F07EFD002840F032
:1082D0001782DDE9233225AFE7E700BFAFF3008067
:1082E000FFFFFFFFFFFFEF7FF8D8000890D70008DF
:1082F000DDF8248058F8045B00238DF85F30002DF2
:1083000000F0A585B9F1530F00F023871BF010038F
:108310000B9340F01E87049B002BC1F21F811A466D
:108320000B992846F8F75CF89DF85F300890002814
:1083300001F0EF83089A521B0A9222EAE27203923A
:108340000BB1013203920B9BCDF8248004930E9362
:108350000C9308934FF0730911E6099B53F8042B13
:108360000692002A80F26784069A09935242069286
:1083700023784BF0040B3BE52B238DF85F302378FB
:1083800036E523784BF0800B32E5214611F8019B4E
:10839000B9F12A0F01F09F84A9F13003092B98BF8E
:1083A000002201F2DA8211F8019B02EB820203EB58
:1083B0004202A9F13003092BF5D942EAE273049392
:1083C0000C4617E5504601F065FD436813931846C7
:1083D000F7F796FF15900646504601F05BFD826860
:1083E00023781492002E3FF403AD002A3FF400AD31
:1083F0001278002A3FF4FCAC4BF4806BF8E423784D
:108400004BF0010BF4E49DF85F202378002A7FF401
:10841000EFAC20228DF85F20EAE41BF0200F4BF038
:10842000100000F02184099B073323F007031A464C
:10843000596852F8083B099200228DF85F20049A8F
:10844000002A18DB53EA010220F4906B15D1049A3C
:108450009AB910F001031A46039300F018863023EE
:108460008DF83731049B0A92CDE90B330E930893B4
:108470000DF2371583E520F4806B4EAD03F0070253
:10848000DB0843EA4173C908303253EA0106284643
:1084900005F8012DF2D11BF001030B9340F07B8214
:1084A00004990E934EAA521B9142B8BF11460A92EC
:1084B00003910C93089362E51BF0200F4BF0100121
:1084C00038D1099B1A1D099B04981B684FF00008BE
:1084D00040458DF85F801E46C0F2948421F0800BE9
:1084E000002B00F0F48309920A2E78F1000380F04B
:1084F0000E8306F13003DBB2049A8DF83731012A7E
:10850000B8BF012203929DF85F3001220A920DF25A
:108510003715002B01F0EA83039B013303930023FB
:10852000CDE90B3308930E9329E51BF0200F00F0E3
:10853000B7835946099B073323F007031A46D3F83C
:10854000048052F8086B099200238DF85F30049B79
:10855000002BC0F2588456EA080321F0800BC3D1E7
:10856000049B002B00F0B8830026C2E723784BF071
:10857000080B3DE41BF0200F4BF0100300F0638369
:10858000099A073222F007029B46536852F8086B9B
:1085900009929846002BC0F2A982049A002AA3DB14
:1085A00056EA08032BF0800B9ED1002A00F0558775
:1085B0003023A1E72378682B03BF63784BF4007B5B
:1085C00001344BF0400B13E4099A1BF0200F02F129
:1085D000040300F05183126805991160C9175160B6
:1085E00009932546FFF7DDBB23786C2B03BF637827
:1085F0004BF0200B01344BF0100BFFF7F9BB099A3D
:10860000049E52F8041B002047F630038642ADF862
:1086100060308DF85F000B46C0F2F8832BF08005C8
:1086200045F0020B002940F0F383002E00F01C8778
:108630000992302301220C918DF8373103960DF207
:1086400037150E910A9208914FF078090B918E46DA
:10865000BEE31BF0200F40F02083099A1BF01001AD
:1086600052F8043B41F085831BF0400000F0EE859A
:108670009BB209925846DFE6069B03995E1A002ECC
:108680007FF7ABAC8349239B0F91102E24DD384636
:108690004FF010082F46194625467E4C04E0103E48
:1086A000102E00F1080013DD013110320729C0E956
:1086B0000048CDE92312F2DD079922AA504601F0C5
:1086C00083FBE8B9103E102EDDE9231225A8EBDC70
:1086D0002C460B463D46074601330F99396032441C
:1086E000072BCDE923327E6000F37A85083774E4E6
:1086F000079922AA504601F067FB00283FF497AC87
:10870000089B002B3FF40EAC08995046F8F70EFA80
:10871000079B9B8903F0400308E4109B11991A44BE
:10872000C7E90013239B24920133072B239300F303
:10873000338707F108010028C1F251810D980D60BF
:1087400001330244072BCDE92332486046DD079907
:1087500022AA504601F038FB0028D1D1249A25AF37
:1087600051E40D98239B012802F1010203F101035A
:1087700007F1080140F36F810120072BCDE9233277
:108780003D60786000F339821098119E01330244F5
:10879000072BC1E90060CDE9233200F33A820831AA
:1087A0000D98B5EE408BF1EE10FA00F1FF3600F0B7
:1087B0006A81013301353244072BCDE923320D6044
:1087C0004E6000F35481083112984860013302442E
:1087D000072B1CA8CDE923320860B8DC01F108079B
:1087E00011E407990F9322AA504601F0EDFA0028F0
:1087F00086D1249A0F9B25AFFFF7ECBB07990F9307
:1088000022AA504601F0E0FA00287FF479AF249ABA
:108810000F9B25AFFFF7CDBB102D239BDFF8788092
:1088200024DD4146DDF81C90A04610260C4604E0ED
:10883000103D102D07F1080715DD01331032072B0D
:10884000C7E90046CDE92332F2DD22AA4946504667
:1088500001F0BAFA00287FF453AF103D102DDDE986
:10886000233225AFE9DC21464446884601332A44B9
:10887000072BC7E90085CDE923327FF7CDAB0799F8
:1088800022AA504601F0A0FA00287FF439AF249ABA
:10889000FFF7C2BBF8D8000808D9000819980028CB
:1088A00040F315840B9B0D998B42A8BF0B46002B00
:1088B00098460ADD1A44C7E90053239B24920133EA
:1088C000072B239300F3908708370B9EB8F1000F16
:1088D000A8BFA6EB0806002E00F3D9820B9B1BF461
:1088E000806F2B44994640F0F882199B0D998B427A
:1088F00003DB1BF0010F00F0C485109911980A44A6
:10890000C7E900012399249201310729239100F33B
:10891000D48708370D996E18A6EB0906CD1AAE421A
:10892000A8BF2E46002E0BDD239BC7F80090013315
:108930003244072B7E602492239301F3138008377F
:10894000002EA8BFAD1B002D7FF75DABC349239B55
:108950000F91102D40F32884A146DDF81C801026CD
:108960000C4604E00837103D102D40F31C84013301
:108970001032072BC7E90046CDE92332F2DD22AAE7
:108980004146504601F020FA00287FF4B9AEDDE9F7
:10899000233225AFE7E7302A00F012843023049910
:1089A00005F8013C02384EAB1B1A99424FF0000209
:1089B000B8BF1946CDE90B2208920A9305460391E8
:1089C0000E92FFF7DCBA2399102E4046DFF894820E
:1089D00029DD3A461F4643460F94A846079C1D468C
:1089E00004E0103E102E02F1080216DD01311030B5
:1089F00010230729CDE9231015605360F1DD22AA69
:108A00002146504601F0E0F900287FF479AE103E8F
:108A1000102EDDE9231025AAE8DC3B460F9C174603
:108A20002A464546904601F1010C3218BCF1070F69
:108A3000CDE923C2C7F800807E6000F331839DF842
:108A40005F100837002940F0FA80002B3FF4C5AAD8
:108A50000B46FFF7B1BA1BF0010F7FF48DAE01207A
:108A6000072BCDE923323D6078607FF7ADAE0799E3
:108A700022AA504601F0A8F900287FF441AEDDE9B2
:108A8000233225A9A0E60D9801287FF79DAE112875
:108A900072480F9040F3C683A046079F10250446F6
:108AA00004E00831103E102E40F3BB830133103236
:108AB000072BC1E90045CDE92332F2DD22AA394670
:108AC000504601F081F900287FF41AAEDDE9233227
:108AD00025A9E7E7079922AA504601F075F9002871
:108AE0007FF40EAE249A25AFFFF77DBA2D238DF8C3
:108AF0005F30049B764268EB4808002BFFF6F4AC2D
:108B00000A2E78F100032BF0800BFFF4F2AC0BF48B
:108B1000806300220394CDF828904EA9DDF8509090
:108B2000089794461C4626E016EB08034C4843F190
:108B30000003A0FB032020F0030202EB90029B1A2B
:108B4000F31A47484FF0CC32B646474602FB03F2D1
:108B500068F1000800FB0822A3FB0063BEF10A0FC6
:108B600013444FEA560677F10007294646EAC376D2
:108B70004FEA53082DD33A4D16EB080343F1000397
:108B8000A5FB032020F0030202EB90029B1AF31ACC
:108B9000A3FB053268F1000005FB00225B0843EAF5
:108BA000C27303EB8303A6EB430330330CF1010CD8
:108BB00001F8013C4D1E002CB6D099F800306345F9
:108BC000B2D1BCF1FF0FAFD00A2E78F1000380F0D4
:108BD000DF834EAB0499039CCDF850905B1B1A4683
:108BE0009142B8BF1146DDF82890089F0A93CDF84E
:108BF00034C09DF85F3003918BE4079922AA504658
:108C000001F0E2F800287FF47BADDDE9233225A9ED
:108C1000BAE5079922AA504601F0D6F800287FF459
:108C20006FADDDE9233225A9BAE51BF0010F3FF452
:108C3000EAA9FFF71BBB09932378FFF7D9B81E46B3
:108C40000023FFF7A8B9099A0432099909920E681E
:108C50004FEAE6789B4643469CE400BFF8D80008FC
:108C6000CDCCCCCC08D90008099B1A1D099B0992D0
:108C70001B680021FFF7E0BB1BF0100F40F0C9821A
:108C80001BF0400F40F009841BF4007F00F0C1820C
:108C9000099A059912681170A2E45846FFF7C3BB00
:108CA000099A1BF0100852F8043B41F05B801BF05E
:108CB000400100F0E5829EB2049B8DF85F80002B9E
:108CC000FFF611AC2BF0800B002E7FF40CAC049B54
:108CD0000992002B7FF448ACCDE90B330A930E9335
:108CE000039308934EADFFF74AB95B4648E4B5EEEF
:108CF000C08BF1EE10FA2BF0800B00F1DF829DF8B3
:108D00005F30B9F1470FCCBFB84DB94D002B40F0E3
:108D10005B870322CDE90B3308930A9204930E93E9
:108D20000392FFF72CB9B34E1BF0200000F06A81CC
:108D3000099B073323F007031A46586852F8083B8B
:108D400009921BF0010200F06C8153EA000200F06E
:108D5000E48130228DF8602000228DF85F20049A93
:108D60008DF86190002AC0F288812BF4906242F065
:108D7000020B03F00F020BF00201B25C8DF83721F9
:108D80001B0943EA0073020953EA10100DF237156C
:108D90000BD003F00F001B09305C05F8010D43EA0E
:108DA0000273120953EA0200F3D1049A4EAB4FF05A
:108DB000000E5B1B9A42CDE90BEEB8BF1A460A9330
:108DC0000392CDF820E0CDF838E000293FF4D7A891
:108DD000039BDDE923C2023303931BF08403904617
:108DE000614604D1069E0398361A002E06DCBEF1B9
:108DF000000F3FF4E1A80226FFF7CDB80223E3E518
:108E00007D4E91E709928B46FFF76EBB4BF0020B4C
:108E10000992794E03F00F020221B25C4FF07809FB
:108E2000ACE7099B1B688DF8D430012303930A93A8
:108E300035ADFFF7A2B9079922AA504600F0C4FF4A
:108E400000287FF45DAC249A25AFFFF71CBA049B81
:108E50000895062B2A4628BF06230495CDE90B2248
:108E6000664D0393CDF824800A930E92FFF787B8DE
:108E700040215046F7F752FF079B18601861002801
:108E800000F07387079A40235361FEF77BBF102ED3
:108E9000239B40F337875A48DDF81C800F903946F2
:108EA0004FF01009074604E00831103E102E40F341
:108EB0005C8201331032072BC1E90079CDE92332FE
:108EC000F2DD22AA4146504600F07EFF00287FF4E2
:108ED00017ACDDE9233225A9E7E70D9BDDF83880E3
:108EE000CDF83CB0EB1804930C9BDDF81CB00B9450
:108EF000002B4E463946DDF85090159F0E9531DD1A
:108F0000B8F1000F40F3138108F1FF382398139B49
:108F100001303A440728C1E900372492239000F336
:108F2000A1800831049B99F800009D1B8542A8BFD1
:108F30000546002D0CDD239801302A440728C1E99D
:108F400000652492239000F3578199F800000831BE
:108F5000002DACBF441B0446002C14DC06440C9BC3
:108F6000002BCDDCB8F1000FCEDCDDE90D35EB18C0
:108F70009E42CDF850900B9CDDF83CB0B1460F46B8
:108F800028BF9946B1E4102C23981D4B1FDD1025F6
:108F90000A9304E0103C102C01F1080116DD0130A9
:108FA000174B10320728C1E90035CDE92302F1DD66
:108FB00022AA5946504600F007FF00287FF4A0ABD4
:108FC000103C102CDDE9230225A9E8DC0A9B0B608C
:108FD000013022440728CDE923024C6000F36D8361
:108FE00099F8000008310644B9E700BF54D70008DB
:108FF00050D7000874D7000860D7000888D7000849
:10900000F8D80008099A52F8043B09921BF01002A4
:109010007FF497AE1BF0400100F02C819BB210460C
:109020008FE68DF85F20049A002A28DB53EA0002BD
:109030002BF4906B7FF49DAE049A002A00F0EF8031
:10904000012A33788DF83731B8BF0122002303920B
:109050000122CDE90B3308930A920E930DF23715D6
:10906000FEF78DBF22AA5946504600F0ADFE0028FB
:109070007FF446AB249A25A954E74BF0020B03F08A
:109080000F020BF00201B25C2BF4806B76E6049BBE
:109090000A93CDE90B330E9308934EADFEF76FBFE5
:1090A00007990F9322AA504600F08EFE00287FF405
:1090B00027AB9DF85F10249A0F9B002900F0BD801C
:1090C0001E46DDF88CC0034625AFFEF764BF239B28
:1090D000AD493960013301320121072B24922393DA
:1090E000796000F3AE81083700287FF416AB0D9944
:1090F0000BF001030B433EF486AF109B11991A4409
:10910000C7E90013239B24920133072B239300F319
:10911000438207F10801FFF711BB049B00218B423A
:109120008DF85F10C0F2C2802BF4906B84E70C9B2B
:10913000013B09F1FF390C93E8E6079922AA504652
:1091400000F042FE00287FF4DBAA249A25AFFFF747
:1091500088B80822002120A81B95F7F7A9FB049BDB
:10916000002BC0F2C08000260394CDF82080344646
:1091700098460EE035A9504602F074FA411C20448E
:1091800000F0B784404509DC06F1040600F00C85C8
:1091900004461B9A925920AB002AEBD10A94DDF8C1
:1091A0002080039CADE04C4601330F9939602A447E
:1091B000072B7D60CDE923327EF724AFFFF7C7BAD6
:1091C00004994EAA521B91424FF00003B8BF1146BA
:1091D000CDE90B3308930A9203910E93FEF7CFBEAD
:1091E000079922AA504600F0EFFD00287FF488AAD4
:1091F000249A25AFFEF7F1BE22AA5946504600F048
:10920000E3FD00287FF47CAA99F80000249A25A9A0
:109210009EE6099A059912681160FFF7E1B9049B6F
:109220005AE5444601330F9808603244072BCDE9D4
:1092300023324E607FF7C7AA19E4002B00F02A8181
:10924000DDF88CC00B4625AFFEF7B6BE1BF40071EF
:109250001CBF0146DBB209925846FFF7EDB81BF47C
:10926000007F16BF46F3C0184FEAE67876B2434651
:10927000FFF790B91BF400701CBFDBB2084660E535
:109280001BF4007840F0518104998DF85F8000292B
:109290001E46FFF628A92BF0800B002B7FF423A994
:1092A0000B46099200297FF45FA915E533788DF804
:1092B00037312BF4806B0DF2371576E52D238DF8C1
:1092C0005F30B9F1470F4FF000030893049300F3A8
:1092D000368103222D4D0A92CDE90B330E930423E0
:1092E0000393FEF74CBE20AB0093002319461BAA44
:1092F000504602F0DDF9034601330A9000F0F9838D
:109300001B950A9B002B00F08C80632B40F334816B
:10931000591C5046F7F702FD0546002800F032853B
:1093200008900822002120A8F7F7C2FA0A9E20AB75
:1093300000931BAA33462946504602F0B9F98642EB
:1093400040F01A850A9A0023AB5422EAE272039293
:109350009DF85F20002A40F06B83CDE90B22049238
:10936000CDF824800E92FEF70ABE0F4601330F9906
:1093700039603244072BCDE923327E6000F300814F
:109380000837FFF7ABBA00BF90D7000850D70008E6
:10939000159A1399AD1A284600F042FD99F801304C
:1093A0000BB109F10109874A16EB080343F10003E9
:1093B000A2FB030727F0030000EB97001B1AF31A28
:1093C0004FF0CC3168F1000803FB01F102FB0811FA
:1093D000A3FB023001445B0843EAC1764FEA51081F
:1093E00016EB080343F10003A2FB031020F0030176
:1093F00001EB90015B1AF31AA3FB023168F1000044
:109400005B0802FB001243EAC27303EB8303A6EB83
:109410004303303305F8013C4FF0010C013DFFF7E9
:10942000CCBB9DF85F30CDF82480003B18BF0123F2
:1094300003930A9B0493CDE90B330E930893FEF735
:109440009EBD079922AA504600F0BEFC00287FF47A
:1094500057A91998249A25AF46E69DF85F300392E4
:109460000A924EADFFF755B8049B0992CDE90A3335
:109470000C930E9303934EAD08934FF078099E46DC
:10948000A6E46E18A6EB0906CD1AAE42A8BF2E467A
:10949000FFF756BA25AFFEF7A0BD099A05991268E5
:1094A0001180FFF79DB820AB01931BAB0093049A8A
:1094B000B0EE490B19AB0221504600F0C5FD054640
:1094C0001BF0010F40F04482209B5A1B199B0D9208
:1094D000D81C0B93C0F2FE8104999942C0F2CE8150
:1094E0009A4200F371820B9B0A931BF4806F03D0A6
:1094F0000B9B002B00F31D830A9B23EAE373C346F7
:1095000003934FF0670900230E930C930BF00201B5
:10951000002E00F0C9804FF02D0E8DF85FE0039B08
:1095200001330393002304934FE4DEB2049B8DF8D0
:109530005F10002B8846BFF6C5ABFEF7D4BF0322F1
:10954000214D0A92C8E6079C22AA2146504600F007
:109550003BFCA38903F04003FEF7E8BC2846F6F77E
:10956000CFFE9DF85F300A9020EAE0720392002B54
:109570003EF4E9AEFEF7E5BE0023089335ADD0E634
:10958000079922AA504600F01FFC00287FF4B8A8D3
:10959000249A25AFFFF7A2B9079922AA504600F0F6
:1095A00013FC00287FF4ACA8DDE92332199825A923
:1095B000FFF7C1B800230893062304934BF4807887
:1095C000FEF771BDCDCCCCCC54D70008049B013341
:1095D0000D93022120AB01931BAB00930D9AB0EECB
:1095E000490B19AB504600F02FFD0D9B29F0200CC4
:1095F000BCF1460F054600EB030100F00181B5EE1A
:10960000409BF1EE10FA00F0CC82209B994288BF7B
:109610004FF0450C40F2C38230205A1C2092187043
:10962000209B8B42F9D35B1B0D93BCF1470F199B19
:109630000B9300F01C81BCF1460F00F0F7800B9BF0
:109640008DF87090013B002B1993C0F24A812B22B8
:10965000092B8DF8712000F34D8130228DF8722096
:109660000DF17302303302F8013B1CABD31A129395
:109670000D9B129A012B1A440A9240F345820A9BD1
:10968000109A13440A930A9A2BF4806343F4807B64
:1096900022EAE2720023CDE90B330E93039235E701
:1096A000049B0D93032195E79DF85FE0BEF1000F49
:1096B0007FF435AF0496FFF788BB22AA594650467F
:1096C00000F082FB00287FF41BA899F80000249A80
:1096D00025A9064443E447F63003ADF86030049B07
:1096E000632B4BF0020B00F3F68118EE903A002B3F
:1096F000C0F2D581B0EE480B19A800F0D1FBB4EE52
:10970000007B20EE077BB5EE407BF1EE10FA40F0D7
:10971000A98201230026199335AD0896B448049B0D
:10972000B3EE004B5A1E2B4606E0B5EE407BF1EE41
:1097300010FA00F068820A4627EE047BFDEEC76B44
:109740009C4616EE901A415C03F8011B511CB8EEC2
:10975000E65B02F1FF3137EE457BE6D1B6EE005B0A
:10976000B4EEC57BF1EE10FA08DCB4EE457BF1EE09
:1097700010FA1ED116EE902AD2071AD5CDF880C065
:1097800013F8011C90F80FC08C451A460AD14FF00F
:10979000300E02F801EC209A511E209112F8011CA3
:1097A0006145F6D0392916BF0131817AC9B202F874
:1097B000011C199A5B1B0D93B9F1610F02F1FF3384
:1097C000199300F0788250214FF04109002B8DF859
:1097D0007010C0F266822B22092B8DF8712000F3E5
:1097E00089800DF172023DE7079922AA504600F0E8
:1097F000EBFA00287EF484AF249A25AFFFF765B812
:109800002B78302B00F0C181199B1944B5EE409B99
:10981000F1EE10FA24D0209B99423FF6FDAE5B1B7F
:109820000D93BCF1470F199B0B9320D00B99049A11
:109830000BF00103002943EA020340F36782002B87
:1098400040F0B9810B9B0A934FF066091BF4806FBF
:1098500040F071810A9B23EAE373C346039352E607
:10986000199B0B934B1BBCF1470F0D93DED10B9B48
:1098700003332FDB049B0B9A934210DA0B9B013BC3
:10988000A9F10209002B8DF870901993BFF6DFAE95
:109890000B9B2D22C3F101038DF87120DDE60D9B9A
:1098A0000B9A934200F390801BF0010F0B9B00F08A
:1098B000D781109A13440A9317E6079922AA5046B3
:1098C00000F082FA00287EF41BAF199B249A25AF82
:1098D000FFF720B80B9BA9F10209013B8DF87090AE
:1098E00019930B9BC3F101032D22092B8DF87120D5
:1098F0007FF7B3AE0DF1870CDFF800E1624610464A
:10990000AEFB0312D20802EB8201A3EB410130311E
:1099100000F8011C19466329134600F1FF32EEDC02
:10992000303302F8013C831E634580F0D1810DF194
:10993000710213F8011B02F8011F6345F9D103F509
:109940009C736B44C43B1B1A1CAA9B1A12938FE690
:10995000049B4FF0470CE91858E700230C4604938A
:10996000FEF748BA079922AA504600F02DFA0028BF
:109970007EF4C6AE199D0D9B249A5D1B25AFFEF7A4
:10998000DFBF45F63003ADF86030049B632B4BF02E
:10999000020B00F3A08018EE903A002B7FDBB0EEB4
:1099A000480B19A800F07CFAB4EE007B20EE077B90
:1099B000B5EE407BF1EE10FA01D101231993002698
:1099C0000C48089635ADAAE60D9B109A9A180B9B89
:1099D0000A92002B40F326814FF0670936E7464292
:1099E000103005480F902EDA102780460CE000BF9B
:1099F00060D7000874D70008F8D80008CDCCCCCCCC
:109A00000831103E102E1EDD01331032072BC1E944
:109A10000087CDE92332F3DD079922AA504600F0F2
:109A2000D3F900287EF46CAEDDE9233225A9E8E7FE
:109A3000039A04930132CDE90B330392CDF82480CD
:109A40000E93FEF79CBA01330F9808603244072B3F
:109A5000CDE923324E6000F312810831FEF76EBE6D
:109A60002D26B1EE489BFEF726BB049A002A00F093
:109A7000FE80002BC0F26A81B0EE489B002620AB2E
:109A800001931BAB0093049AB0EE490B19AB022172
:109A9000504600F0D9FA00230546089310E500234C
:109AA000089335AD2D26B1EE489B19A8B0EE490BB1
:109AB00000F0F6F9B4EE007B20EE077BB5EE407BBC
:109AC000F1EE10FA04BF01231993B9F1610F3FF4CD
:109AD00025AEB24823E6049B5046591CF7F71EF901
:109AE0000546002800F0288108904BF48078FEF7A6
:109AF000DABA079BB3F90C300022089243F0400316
:109B0000079A9381FEF7FCBD1BF0010F3FF4BBAD3C
:109B1000B5E5CDF82480002B00F0CF80049B0A939C
:109B20005A1C039204900E900C904FF07309FEF7AC
:109B300026BA4FF0670914990B78FF2B00F02981A2
:109B400000200B9A0E90844603E001300131FF2B78
:109B500009D0934207DAD21A4B78002BF5D10B7853
:109B60000CF1010CF3E7CDE90B201491CDF838C0CE
:109B70000C9A0E9B159913440A9A01FB03230A932E
:109B800023EAE373C3460393C0E4B5EE409BF1EED2
:109B900010FA40F08180199B0B93194462E65B1B1D
:109BA0000D93199B0B934AE5049B039CDDF82080E1
:109BB0000A93FFF7A6BB13460B449946109B4B44F0
:109BC0000A934FF0660941E60023032208930A92A4
:109BD0000493FFF781BB18EE903A13F000432BF08B
:109BE000800B0B9329D02D238DF85F30B9F1470FEF
:109BF0004FF000030893049340F3AC800322684DB8
:109C00000A92FFF769BB002AFFF6D3AD501C184437
:109C100019464FF0300C01F801CB8142FBD11A44B8
:109C2000531CC6E5C3F101031A4422EAE273C3469A
:109C30000A9203934FF0670965E49DF85F30B9F12C
:109C4000470FCCBF564D574D002B40F0B18003223B
:109C500004930A920E930C9308930392FEF78FB924
:109C60000A9342E400265048089635AD57E5002B8C
:109C700042DBB0EE489B0123049E0493FFE6079964
:109C800022AA504600F0A0F800287EF439ADDDE9A4
:109C9000233225A9FEF752BD0D9BC3F10103199391
:109CA000B3E5C2F10103092B4FF02D028DF87120AD
:109CB0003FF720AE95E5702188E5049B0A93039356
:109CC000089B0E930C9304934FF07309FEF757B95A
:109CD00002231293CCE4099A63780C4652F8041BD1
:109CE000099241EAE1710491FEF782B8CDE90B33A4
:109CF00008930E93FEF743B901232D260493B1EE8A
:109D0000489BBCE629490F91FFF730BBC34633B9E6
:109D1000012303934FF066090A93FFF7F4BB109BEE
:109D200003F10109049B4B440A9323EAE373039371
:109D30004FF06609FFF7E7BB079A938943F04003AA
:109D400093814FF0FF330593FEF7F3B82D26B1EE64
:109D5000489B94E60322134D0A92FFF7BDBA5B4677
:109D6000FEF773BF5946FEF7AEBB0C23CAF80030AE
:109D7000E7E75846FEF77ABF079BB3F90C3043F08C
:109D80004003BDE6079B0890B3F90C3043F0400355
:109D9000B6E600230E930C93EAE600BF74D70008E2
:109DA0005CD7000858D7000860D70008F8D800082A
:109DB000002304930E930C93089303230A93042324
:109DC0000393FEF7DCB800BF2DE9F843154692680F
:109DD0002C68FAB180468946083401E00834CFB1D6
:109DE0006B68591E002B1746696013DD54F8046C2C
:109DF000002EF3D0334654F8082C4946404601F073
:109E000063FC431C07D0AA68921B1746AA6008345B
:109E1000002FE5D100200023C5E90133BDE8F88318
:109E200040EA01039B0710B501D1032A17D88446E5
:109E300001F1FF3E07E01EF8011F03F8011B541E4D
:109E400029B19C4622466346002AF4D110BD9444B1
:109E5000002CFBD003F8011B6345FBD110BD8E46DF
:109E60008446DEF80040A4F1013323EA040313F032
:109E7000803F71460EF1040EDAD1043A032A4CF801
:109E8000044BEED87146D3E7014B93F82801704795
:109E90007805002000487047680600200000000098
:109EA00030B482B08DED000B019A194C22F00043C2
:109EB0000021A34201601FD8009C1C431CD0154CFC
:109EC000144054B99FED107B20EE077B8DED007B95
:109ED000019A6FF0350122F00043DDE900456FF390
:109EE0001E5242F07F551B1545F40015A3F2FE33B8
:109EF000CDE900450B4403609DED000B02B030BC82
:109F0000704700BFAFF30080000000000000504326
:109F1000FFFFEF7F0000F07F2DE9F04F03690C6930
:109F2000A34283B0C0F28A80013C01F1140500F124
:109F3000140855F8243058F8242001339A428E46EC
:109F400081464FEA840105EB840708EB840AB2FBE3
:109F5000F3F63AD3CDE900150022AC46404613464D
:109F60005CF8041B05681FFA81FB06FB0B22090C39
:109F70004FEA124B06FB01BB92B2A9B2891A1944EF
:109F80001FFA8BF3C3EB214303EB154389B241EA7C
:109F90000341674540F8041B4FEA1B424FEA234345
:109FA000DED2DDE9001558F8013073B9AAF1040AD0
:109FB000D04504D307E0D04504F1FF3403D25AF86A
:109FC0000439002BF7D0C9F810407146484601F01B
:109FD00001FA00282EDB4146002255F8040BD1F887
:109FE00000C01FFA80FE1FFA8CF3A3EB0E0313448C
:109FF000020CC2EB234202EB1C429BB243EA024337
:10A00000AF4241F8043B4FEA2242E6D258F82420FE
:10A0100008EB84036AB9043B434504D807E098453C
:10A0200004F1FF3403D253F80429002AF7D0C9F809
:10A0300010400136304603B0BDE8F08F002003B079
:10A04000BDE8F08F000000002DE9F04F2DED028BF0
:10A050008FB08DED020B0191816B1A9D069357EC29
:10A06000106B0446904641B1C26B4A600123934095
:10A070008B6000F033FF0023A363B7F10009B4BF86
:10A08000012300232B60A04BBCBF29F00049CDF871
:10A090000C9033EA090300F091809DED028BB5EE40
:10A0A000408BF1EE10FA0FD1069A012313601B9B2F
:10A0B00013B11B9A954B1360954B049304980FB002
:10A0C000BDEC028BBDE8F08F0CAA0DA92046B0EEC6
:10A0D000480B01F05BFA5FEA19530C9A834640F093
:10A0E00085800D9B134403F23241202940F3F18116
:10A0F000C1F1400109FA01F903F2124126FA01F116
:10A1000049EA010107EE101AB8EE477B013B17EE52
:10A11000901A4FF00109A1F1F8719FED753BB7EE70
:10A12000082B9FED756B9FED765B07EE901A04EEA2
:10A13000903A37EE427BB8EEE44BA7EE036BB0EEFD
:10A14000467BA4EE057BFDEEC76BB5EEC07BF1EE62
:10A1500010FACDED056A00F1BD800599D21A1629D5
:10A1600002F1FF3700F2A2806A4B03EBC10393EDCB
:10A17000007BB4EEC78BF1EE10FA00F1A481002A47
:10A1800040F3CE840023CDE909130F440793002345
:10A190000893019B092B3FD8052BC4BF043B0193B7
:10A1A000019BA3F10203CCBF00250125032B35D869
:10A1B000DFE813F07402710266029A01069AC9F38D
:10A1C000130942F20F7359EA060913601DD11B9B54
:10A1D000002B00F03686504B049308331B9A0498EA
:10A1E00013600FB0BDEC028BBDE8F08F18EE901A33
:10A1F000B0EE487BC1F3130141F07F51A3F2FF336E
:10A2000041F440114FF0000987E71B9B002B40F001
:10A210006781424B049351E7002301930025E563D6
:10A220002946204600F034FE0490002800F09E8568
:10A230000D9A049BA363002A72DB05990E296FDC3B
:10A24000344B049A03EBC10393ED004B88EE047B7F
:10A25000BDEEC77B4FF0FF3A17EE103A303302F8ED
:10A26000013BB8EEC76BA6EE448B0123B2EE045B54
:10A2700011E088EE047BBDEEC77B013317EE101AA8
:10A28000534501F13001B8EEC76B02F8011BA6EE91
:10A29000448B00F08F8428EE058BB5EE408BF1EEF9
:10A2A00010FAE6D1059F15460137F1E001230A9324
:10A2B000002FC0F2038100230793059B002B80F23F
:10A2C000FA80079A059BD21A5B42089300230792F3
:10A2D00009935EE7B8EEE66BB4EE476BF1EE10FA69
:10A2E0003FF43BAF05990139059136E7AFF30080A4
:10A2F00061436F63A787D23FB3C8608B288AC63F8C
:10A30000FB799F501344D33F0000F07F91D70008A2
:10A3100090D7000850D90008DCD70008E8D700081B
:10A320004FF0FF3AA846CDF82CA0B9F1000F00F08D
:10A33000D884DDF8209002F23342079B01212046A9
:10A340009D18174400F08EFE079B0646002B40F038
:10A350001783089B002B00F08683B9F1000F40F0B3
:10A360006A835946089A204600F060FF012383461D
:10A3700008930121204600F075FE099B0090002BF8
:10A3800040F0BB82019B012B40F31E830120384427
:10A3900010F01F0000F08881C0F12003042B40F36F
:10A3A0004583079BC0F11C00034405440793074401
:10A3B000002D05DD59462A46204600F097FF8346CA
:10A3C000002F05DD00993A46204600F08FFF0090EF
:10A3D0000A9B002B40F07582BAF1000F40F34D82CA
:10A3E000089B002B40F09F81059F0137DDF810800E
:10A3F000DDF80090012507E0594600230A22204697
:10A4000000F076FD0135834649465846FFF784FD46
:10A41000554500F1300008F8010BEDDB049BBAF163
:10A42000000F0AF1FF3503F10102D8BF0025002318
:10A43000814605EB020A019359460122204600F0AD
:10A4400055FF0099834600F0C5FF002840F30E83B6
:10A45000049A02E0924500F0148355460AF1FF3A4F
:10A4600015F8013C392BF5D001338AF800300099FA
:10A47000204600F033FD5EB1019B2BB1B34203D007
:10A480001946204600F02AFD3146204600F026FD00
:10A490005946204600F022FD00232B70069B1F60CA
:10A4A0001B9B002B3FF40AAE04981D600FB0BDEC5F
:10A4B000028BBDE8F08F1F44099368E6C2F10103E7
:10A4C00007930027F9E6059B013B059300230A93B8
:10A4D000EEE6C1F1200106FA01F107EE101A13E6CB
:10A4E000C14B0493033379E601230093059B434456
:10A4F00003F1010A5646012E0B93B8BF0126172E11
:10A5000040F39584012204235B0003F11400B04260
:10A51000114602F10102F7D9E163204600F0B8FCD0
:10A520000490002800F02284BAF10E0FA06300F21C
:10A53000C280002D00F0BF800599002940F3D08231
:10A54000AA4B01F00F0203EBC203CE0593ED007B93
:10A550004FEA211340F16E83A54A92ED086B03F098
:10A560000F03032288EE065B5BB1A149DD0740F1D2
:10A570009880B1EC026B5B1002F1010227EE067BC2
:10A58000F4D185EE076B0A9B3BB1B7EE007BB4EECE
:10A59000C76BF1EE10FA00F1AB83B1EE0C5B07EE86
:10A5A000902AB8EEE77BA7EE065B15EE901A53EC07
:10A5B000152BA1F15073BAF1000F00F07582DDF890
:10A5C00014C05046FDEEC65B43EC142B15EE901AFA
:10A5D000864B049D303103EBC0025FFA81FE009987
:10A5E000B8EEE57B12ED025B36EE477B6A1C164641
:10A5F000002900F02983B6EE003B83EE056B36EEB2
:10A60000446BB4EEC76BF1EE10FA85F800E000F38E
:10A610000984B7EE002BB2EE044B002518E001359B
:10A62000854280F28B8127EE047B26EE046BFDEEE3
:10A63000C75B15EE901AB8EEE53B303137EE437B41
:10A64000B4EEC67BF1EE10FA02F8011B00F1B883FC
:10A6500032EE475BB4EEC65BF1EE10FADFD504993B
:10A660000CF1010C02E08A4200F06583154612F8F5
:10A67000013D392BF7D00133DBB21370674607E792
:10A6800001230093B8F1000F40F38781CDF82C80AF
:10A69000C246464633E70023009327E70023009392
:10A6A000F0E75B10083161E71C23079A1A441D4448
:10A6B00007921F447CE60D9A002AC0F23481059B64
:10A6C0000E2B00F33081494B059AB8F1000F03EBD4
:10A6D000C20393ED004B80F25882BAF1000F00F3F1
:10A6E000548240F0F581B1EE047B24EE077BB4EE9A
:10A6F000C78BF1EE10FA514600F24383204600F07A
:10A70000EDFBC8F10007049DC2E6314600230A2292
:10A71000204600F0EDFB0B9B002B064640F37983AF
:10A72000DDF82CA00595079B002B05DD31461A4668
:10A73000204600F0DBFD0646099B002B40F06382BB
:10A74000B046049D6B1E53440993029B03F0010322
:10A750000A9300995846FFF7DFFB31468246584678
:10A7600000F038FE009907464246204600F054FEAD
:10A77000C3680AF130090146002B3BD108905846C6
:10A7800000F028FE08990790204600F0A7FB079AE2
:10A79000002A5AD1019B1BB90A9B002B00F01C8395
:10A7A000002F45DB099BAA469D420AF8019B00F059
:10A7B0004582594600230A22204600F099FB46456F
:10A7C000834631464FF000034FF00A02204636D050
:10A7D00000F08EFB4146064600230A22204600F088
:10A7E00087FB55468046B4E7E8D7000850D90008F3
:10A7F00028D90008204600F071FB002F06DB029BE1
:10A8000003F00102019B1F433A4329D1594601221B
:10A81000204600F06BFD0099834600F0DBFD002828
:10A8200040F3C782B9F1390F00F089820AF131098A
:10A83000059F019605F8019B0137464617E600F093
:10A8400057FB55460646804683E7002FC0F29582A7
:10A85000019B1F430A9B1F4300F08F82002AA1DD4A
:10A86000B9F1390F00F06B82059F019609F10103E0
:10A8700005F8013B01374646F9E5019B022B7FF7BE
:10A88000AFADBAF1000F40F0758100995346052233
:10A89000204600F02DFB01460090584600F09AFD3E
:10A8A000002840F36781049D0099312305F8013B9E
:10A8B000204600F013FB059F0237002E7FF4E4AD25
:10A8C000E6E50099584600F085FD0028BFF684AD06
:10A8D000594600230A222046059D00F009FB089BEB
:10A8E000013D8346002B7FF410AF0B9B002B40F300
:10A8F0008582059FDDF82CA078E51A4601462046A2
:10A9000000F094FC019B0090012B40F36F81002329
:10A910000993009A136902EB8303186900F038FB6E
:10A92000C0F1200033E5009B7BB9079B002B63D16E
:10A93000089B002B6FD11D461E461AE50D9A002A72
:10A9400003DB05990E297FF7BFAE019B012B7FF733
:10A95000ECAC089B0AF1FF394B45C0F2EB80BAF131
:10A96000000FA3EB090980F23E82079D0121A5EBB0
:10A970000A032046009300F075FB009B07930646F0
:10A98000002F7FF7E6AC079ABA421346A8BF3B46B2
:10A99000D21AED1A0792FF1ADBE40021E163204688
:10A9A00000F076FA0490002800F0E081049BA36395
:10A9B000002D40F017810D9A002AC0F20682012373
:10A9C0000B939A4698467AE6029B002B7FF4DEAC06
:10A9D000039BC3F31303002B7FF4D8AC039B23F03A
:10A9E00000431B0D1B05002B3FF4D0AC01230135A8
:10A9F000013709931846CAE4002F00F06B81079ACB
:10AA0000089EBA421346A8BF3B46D51AFF1A0795BF
:10AA1000002E3FF4AEAC5946089A204600F006FCE2
:10AA20000023079D089383461E46A2E43FF4C0AC72
:10AA3000C0F13C0339E631464A46204600F0F6FBB9
:10AA40005A4601460646204600F03AFB5946009019
:10AA5000204600F043FA089BB3EB09030893009BE0
:10AA60009B467FF47EAC0123089382E403D119F066
:10AA7000010F7FF4EDAC55461AF8013D302BFAD0AA
:10AA8000F5E4049A312301371370F0E407EE902ABD
:10AA9000B1EE0C5BB8EEE77BA6EE075B15EE901A05
:10AAA00053EC152BA1F1507343EC152BB1EE047B45
:10AAB00036EE477BB4EEC57BF1EE10FA00F34A8127
:10AAC000B1EE455BB4EEC57BF1EE10FA7FF5F3AD68
:10AAD0000021204600F002FAC8F10007049DD7E4E7
:10AAE00000F02581059AC14B524202F00F0103EBA1
:10AAF000C10393ED006B131128EE066B00F08F81FC
:10AB0000BB490222D80708D5B1EC027B5B1002F1E9
:10AB1000010226EE076BF5D135E55B100831F1E750
:10AB2000C2F101030793059B09931F4600230A9373
:10AB3000FFF72DBB089B099AA9EB03031A44079B57
:10AB400009920121204603EB0A0500F08BFA079BCE
:10AB5000CDF8209057440646002B3FF402AC079AEC
:10AB6000BA421346A8BF3B46D21AED1A0792FF1A03
:10AB7000FFF7F7BB0099204600F0B0F9C8F10007D5
:10AB8000049D002E7FF480AC82E4049B5E1C88EE62
:10AB9000047BBDEEC77B049917EE103ABAF1010FA2
:10ABA00003F13003B8EEC76B32460B70A6EE448B50
:10ABB0007FF45BAB38EE088BB4EEC48B059FF1EEEF
:10ABC00010FA07F10107BC4608DCB4EE448BF1EE45
:10ABD00010FA05D117EE103ADB0701D5049945E5C7
:10ABE000154655E4A8460B95AA46A5E4029B002B02
:10ABF0007FF48DAEDDE90212C2F31303002B00F0E7
:10AC0000CB80099185E67168204600F041F9054640
:10AC1000002800F01A81336902339A0006F10C0112
:10AC20000C30F5F72DFC29460122204600F05EFB92
:10AC3000804686E50222B0EE485B95E4059F0196CA
:10AC400001374646FFF7F8BB049925EE043B01287F
:10AC500081F800E015D0B2EE044B049A3146151885
:10AC600027EE047BFDEEC76B16EE902A303201F81A
:10AC7000012BA942B8EEE65B37EE457BF0D1721EA0
:10AC80000244B6EE006B33EE065BB4EEC75BF1EE4A
:10AC900010FA3FF5E4AC36EE436BB4EEC76BF1EE61
:10ACA00010FA0DDC0D9A002AFFF63FAE059A0E2A27
:10ACB0003FF73BAE059A03EBC20393ED004B66E70B
:10ACC0001546013A15F8013C302BF9D00CF101077B
:10ACD000FFF7DEBB089E002E7FF49DAE079DFFF7B9
:10ACE00048BB0C9ADDF82090C2F13602FFF725BB75
:10ACF000BAF1000F3FF4CAAE0B9800287FF7DBAC27
:10AD0000B2EE044BB1EE0C5B013207EE902A26EE58
:10AD1000046B059BB8EEE77BA6EE075B15EE901A79
:10AD200003F1FF3C53EC152BA1F150734AE40222CE
:10AD3000B0EE486B27E40CF1010C31239DE4059F34
:10AD40000196AA4639230AF8013B049A0137464680
:10AD5000FFF783BB049D312305F8013B002120460A
:10AD600000F0BCF8059F0237FFF792BB214B224849
:10AD7000002240F2AF1100F083FD002A3FF746ADFC
:10AD800056E5049D312305F8013B204600F0A6F866
:10AD9000059F0237FFF77CBB039B23F000431B0D8D
:10ADA0001B05002B3FF4B4AD012301350137099396
:10ADB000AFE57FF43DAD19F0010F7FF433AD37E51A
:10ADC0000CF101071546FFF763BB009B9BBB0123FA
:10ADD0000B939A469846A8E5B9F1390FAFD0002FEA
:10ADE0003FF724AD24E55246FFF7A7BA50D9000833
:10ADF00028D90008ECD7000800D80008019A022AD8
:10AE000003DC059F9A46FFF7F1BA0595DDF82CA003
:10AE100037E5019A0595022AF8DC9A4683E4022276
:10AE2000FFF7B1BB0CF101071546FFF731BB00215D
:10AE3000E163FFF772BBDDF80080CDF82C80C246DD
:10AE400087E5054B0493FFF739B9044B04482A46BC
:10AE500040F2EF2100F014FDDCD70008ECD7000829
:10AE600000D8000882B049B15AB16BB113780B60B9
:10AE70001278101E18BF012002B0704701A9002AE5
:10AE8000F3D1104602B070476FF00100F4E700BF45
:10AE9000436C70B505460C464BB153F8240080B1A5
:10AEA000026843F824200023C0E9033370BD212247
:10AEB000042100F005FD034668640028EDD1002060
:10AEC00070BD012101FA04F6721D9200284600F0BF
:10AED000F7FC0028F3D0C0E90146E4E731B1436C48
:10AEE0004A6853F82200086043F82210704700BFF8
:10AEF0002DE9F0410D6907460E461C4601F1140E7E
:10AF00000020DEF800108BB202FB03434FEA134C23
:10AF1000090C02FB01CC01309BB203EB0C438542D0
:10AF20004EF8043B4FEA1C44EBDC3CB1B368AB4247
:10AF300007DD06EB850301355C6135613046BDE810
:10AF4000F081716838460131FFF7A2FF8046A8B151
:10AF50003269023206F10C0192000C30F5F790FADA
:10AF60007B6C726853F82210316043F822604646C9
:10AF700006EB850301355C613561DFE7024B034871
:10AF80004246BA2100F07CFCECD700085CD80008EF
:10AF9000B0F5803F034636BF030400201020B3F114
:10AFA000807F3CBF1B020830B3F1805F06D3B3F152
:10AFB000804F0FD29A0012D4033070471A01B2F1B9
:10AFC000804F00F1040006D29B0108D45B00F3D44B
:10AFD000202070471A46002AFBDB01307047023000
:10AFE000704700BF03685907024607D0D8071DD431
:10AFF00099072AD55B0813600120704799B279B987
:10B000001B0CD9B2A1B11020190701D104301B09C2
:10B01000990712D0D90701D401305B08136070473B
:10B02000D9B241B1180718D10420F0E700207047C9
:10B0300018201B0AE8E70820FBE713F0040F4FEA8B
:10B04000930106D002300B46E8E79B08136002200C
:10B050007047DB0804D120207047DB080320DDE7C0
:10B060000330DBE738B5436C04460D464BB15868F6
:10B07000B0B102685A6000220123C0E90323456190
:10B0800038BD2122042100F01BFC03466064002827
:10B09000EDD1094B0948002240F2451100F0F0FBC8
:10B0A0001C220121204600F00BFC0028F1D00122D7
:10B0B0000223C0E90123DEE7ECD700085CD80008D2
:10B0C0002DE9F04FD1F810801569A84585B00E46DE
:10B0D000924605DB2A46534645468A4690461E461A
:10B0E000DAF80830DAF8041005EB0804A342B8BF18
:10B0F0000131FFF7CDFE8446002800F08C8000F17E
:10B10000140707EB840E774505D23B46002243F82F
:10B11000042B9E45FBD8143606EB88080AF1140967
:10B12000464509EB850567D2A5EB0A03153B0AF1F5
:10B13000150A23F00303AA4594BF9B464FF0000B6A
:10B14000CDF808E00394AE46E24605E0090C2BD1A9
:10B15000B04507F104074CD956F8041B8DB2002DF9
:10B16000F4D0CC463C46002301965CF8040B2168E1
:10B1700086B28AB2000C05FB0622090C1A4405FBB4
:10B18000001101EB124192B242EA0142E64544F855
:10B19000042B4FEA1143E8D807EB0B02019E5360E2
:10B1A00056F8041C090CD3D03B68002248461D46C3
:10B1B0003C469446028801FB02C202EB15429BB258
:10B1C00043EA024344F8043B50F8043B25684FEA45
:10B1D000134CABB201FB0C3303EB124386454FEA31
:10B1E000134CE7D807EB0B02B045536007F1040797
:10B1F000B2D8DDE902E4D446002C02DC05E0013CD3
:10B2000003D05EF8043D002BF9D06046CCF8104026
:10B2100005B0BDE8F08F034B034862464FF4B171AF
:10B2200000F02EFBECD700085CD8000812F00303F6
:10B230002DE9F0411446074632D10E46A4102CD019
:10B240003D6C002D35D004F001034FF00008641070
:10B250003BB92868B8B1054604F001036410002B1F
:10B26000F7D02A4631463846FFF72AFF36B17B6CC5
:10B27000716853F82120326043F8216074B10646AA
:10B2800028680028E7D12A4629463846FFF718FFE4
:10B290002860C0F800800546DEE73046BDE8F08152
:10B2A000013B0F4A52F823200023FFF721FE0646F8
:10B2B000C4E701213846FFF7EBFD054640B1012305
:10B2C00040F27122C0E90432002338640360BAE717
:10B2D000044B05482A4640F2451100F0D1FA00BF60
:10B2E00018D90008ECD700085CD800082DE9F04711
:10B2F0000C4690462769A368496807EB62177D1CD6
:10B300009D4206464FEA621904DD5B009D4201F151
:10B310000101FADC3046FFF7BBFD844600284ED021
:10B32000B9F1000F00F114000BDD09F105020CEB7F
:10B3300082020346002143F8041B9342FBD100EB39
:10B340008900216904F1140318F01F0803EB81013F
:10B350002DD0C8F1200986464FF0000A1A6802FA7B
:10B3600008F242EA0A024EF8042B53F8042B9942E1
:10B3700022FA09FAF2D80B1B153B23F0030304F160
:10B380001502914238BF0023043340F803A0BAF1FC
:10B39000000F00D13D46736C6268CCF8105053F832
:10B3A00022102160604643F82240BDE8F08704384F
:10B3B00053F8042B40F8042F9942F9D8EAE7034BDD
:10B3C000034862464FF4EF7100F05AFAECD70008D8
:10B3D0005CD800080B6984460069C01A16D10CF1CC
:10B3E000140C14310CEB830210B401EB830301E065
:10B3F000944508D252F8044D53F8041D8C42F7D0FE
:10B4000005D24FF0FF305DF8044B704770470120C4
:10B410005DF8044B704700BF2DE9F04F13690E69CA
:10B42000F61A002E83B08946154614D101F114078F
:10B4300002F1140101EB830107EB830301E09F425A
:10B440007ED253F8044D51F8042D9442F7D080F089
:10B450008480012603E0FCDB00260D4691466968E6
:10B46000FFF716FD0146002800F084802F69C660B2
:10B47000D9F8100005F1140B05F1100201F1140ABE
:10B4800009F1140505EB80000BEB870ED046002375
:10B49000CDF804B0944655F8046B5CF8042F1FFAFD
:10B4A00086FB94B2A4EB0B041C44330CC3EB124395
:10B4B00003EB2443A4B244EA0344A84248F8044BF3
:10B4C0004FEA2343E7D82646A0EB0904153CDDF8F4
:10B4D00004B024F0030409F11509484538BF0024DD
:10B4E0000BEB0402043204EB0A05964505F1040453
:10B4F000104636D9AAEB0B0A00EB0A0C50F8045B95
:10B5000013FA85F62B442D0C05EB26459BB243EA36
:10B5100005468645CCF800604FEA2543ECD80EF18D
:10B52000FF339B1A23F00303234426B953F8042D59
:10B53000013F002AFAD008460F6103B0BDE8F08F42
:10B540000021FFF7A5FC014668B101220023C0E9F4
:10B550000423084603B0BDE8F08F2B464D469946BC
:10B560007DE72B46E1E70A46064B074840F23721C4
:10B5700000F086F90A46034B034840F2452100F0EB
:10B580007FF900BFECD700085CD800082DE9F04334
:10B590000E4683B0012159EC108B1546FFF778FC5D
:10B5A0000446002844D0C9F30A57C9F313030FB166
:10B5B00043F480130193B8F1000313D101A8FFF7FE
:10B5C00011FD019B63610121203021610FB3A7F2BE
:10B5D00033470744C0F1350037602860204603B088
:10B5E000BDE8F08368460093FFF7FCFCDDE900232B
:10B5F00030B1C0F1200103FA01F1C3400A430193C5
:10B60000002B0CBF012102216261A3612161002F87
:10B61000DDD104EB8103A0F2324030601869FFF7FE
:10B62000B7FCC0EB41102860204603B0BDE8F083B2
:10B63000034B0448224640F20F3100F021F900BFCD
:10B64000ECD700085CD8000849B1FF2A02D80A707C
:10B65000012070478A2303604FF0FF30704708468F
:10B66000704700BF70B5054684B05BB11C460F4BF8
:10B67000D3F8E060234669B12846B047431C0FD099
:10B6800004B070BD094B00F58274D3F8E060234626
:10B690000029F1D10A46284601A9B047431CEFD141
:10B6A00000228A2322602B6004B070BD7805002040
:10B6B00010B582B0049CCDE900344FF0FF3300F0A8
:10B6C00051FB02B010BD00BF2DE9F0478F681D4649
:10B6D000AF420B680C46164636D8B1F90CC01CF4C4
:10B6E000906F0ED13D46184631462A4600F04CF880
:10B6F000A368DF1B2368A7602B4400202360BDE8FC
:10B70000F0874A69096902EB42025F1A02EBD272C2
:10B710006B1C52103B44934292BF914699461A4685
:10B720001CF4806F804611D01146F5F7F7FA824677
:10B7300000B321693A46F4F7A3FEA38923F490638A
:10B7400043F08003A38105E02F46CCE700F0EEF83C
:10B75000824658B10AEB0703A9EB0707A760C4F8B4
:10B7600010A0C4F8149023602F46BCE7216940461E
:10B77000F5F7DCF9A3890C2243F04003C8F8002058
:10B780004FF0FF30A381BAE788420DD98B1883426E
:10B790000AD900EB020C5AB3624613F801CD02F845
:10B7A00001CD9942F9D170470F2A0DD802F1FF3C23
:10B7B000F2B10CF1010C431E8C4411F8012B03F87B
:10B7C000012F6145F9D1704740EA01039B07F0B5AD
:10B7D0000C460ED002F1FF3C03460CF1010C013B7C
:10B7E0008C4411F8012B03F8012F6145F9D1F0BD0C
:10B7F0007047A2F1100525F00F0501F1200E01F1AF
:10B800001003AE4400F1100C53F8106C4CF8106C9F
:10B8100053F80C6C4CF80C6C53F8086C4CF8086C32
:10B8200053F8046C4CF8046C103373450CF1100C95
:10B83000EAD101EB050C0CF11001054412F00C0FDC
:10B8400005F110038E4602F00F0517D0043D25F0D8
:10B850000305AC440CF1140C041B0F680E190431E1
:10B8600061453760F9D12C1D04EB0E01234402F031
:10B87000030202F1FF3C002AAFD1F0BD2A46F8E7EF
:10B8800000B50B4C25681446EE681A4685B0034691
:10B890000D464CB107490095CDE9011430460649E3
:10B8A00000F072FA01F00AFE04490C46F3E700BF0B
:10B8B0000C000020B8D80008C8D80008C4D8000878
:10B8C00038B5A1FB021454BBF5F728FA054650B36E
:10B8D00050F8042C22F00302043A242A10D8132A28
:10B8E00013D91B2AC0E9004416D9242AC0E902440E
:10B8F0000ABFC0E9044400F1100200F1180205E09B
:10B900002146F4F7D5FF284638BD02460023C2E998
:10B9100000339360284638BD00F10802F6E7F5F7DA
:10B920006DFE0C2303600025284638BD2DE9F84F35
:10B930001646002900F098800C46804606F10B055B
:10B94000F5F7B8FC54F8041C162DA4F1080921F0F1
:10B95000030758D81025AE4258D8AF4262DABF4B21
:10B960009A6809EB070C6245DCF8040000F092804D
:10B9700020F0010363445B68DB076AD420F0030016
:10B980003B189D4249DDCB0712D454F8083CA9EB83
:10B99000030BDBF8043023F00302104400EB070A2A
:10B9A000554540F3F88007EB020A554540F3CE8039
:10B9B00031464046F5F7B2F90646002800F02281EC
:10B9C00054F8043C23F001034B44A0F108029342D5
:10B9D00000F0B6803A1F242A00F2D980132A00F220
:10B9E000A480034622461168196051685960926824
:10B9F0009A6021464046F5F799F84046F5F760FC15
:10BA00003046BDE8F88F35F00705A4D50C23C8F8FB
:10BA1000003000263046BDE8F88F1F46DCE90223DF
:10BA2000D3609A60D9F804307A1B0F2A03F001031F
:10BA300009EB07001DD83B43C9F80430436843F0C5
:10BA4000010343604046F5F73BFC26463046BDE81F
:10BA5000F88FC907ACD454F8083CA9EB030BDBF80A
:10BA6000043023F003029EE7BDE8F84F1146F5F7D6
:10BA700055B909EB05012B4342F00102C9F8043026
:10BA80004A60436843F00103436008314046F5F7DC
:10BA90004DF8D7E720F00300C21905F1100C6245FC
:10BAA00080F29180CA0783D454F8082CA9EB020BCA
:10BAB000DBF8042022F00302104400EB070AD4450F
:10BAC0003FF771AF5E46DBF80C1056F8080F3A1FCF
:10BAD000242AC160886000F2AE80132A40F2A98057
:10BAE0002168CBF808106168CBF80C101B2A00F213
:10BAF000A88008340BF11002216811606168516060
:10BB0000A16891600BEB0501AAEB050242F001026E
:10BB100099604A60DBF8043003F001032B43404690
:10BB2000CBF80430F5F7CCFB90E72368036063683B
:10BB300043601B2A3CD804F1080200F1080352E7D5
:10BB400050F8043C23F003031F446BE73A1F5E46A2
:10BB5000DBF80C3056F8081F242ACB60996022D8F5
:10BB6000132A1ED92368CBF808306368CBF80C3051
:10BB70001B2A3BD808340BF1100322681A60626854
:10BB80005A60A2689A6034465746D9464AE7214629
:10BB9000FFF7FAFD2DE7DCE902133A1FCB6099604D
:10BBA000D5E73346E9E721463046FFF7EDFDEAE702
:10BBB000A3688360E368C360242A27D004F11002DD
:10BBC00000F110030FE709EB05019960531B43F0E7
:10BBD00001034B6054F8043C03F001032B4340463F
:10BBE00044F8043CF5F76CFB26462FE7A368CBF836
:10BBF0001030E368CBF81430242A10D010340BF145
:10BC00001803BAE74046F5F75BFB02E723690361D7
:10BC10006169416104F1180200F11803E3E6236948
:10BC2000CBF818306369CBF81C3018340BF12003C3
:10BC3000A3E7324660E721463046FFF7A5FD074BF4
:10BC400060E7A168CBF81010E168CBF81410242A43
:10BC500006D010340BF118024EE700BF600100203F
:10BC60002269CBF818206269CBF81C2018340BF13C
:10BC7000200241E72DE9F04F8BB0DDE91589149FD3
:10BC800002901C46B8F1000F4FD0166801960029AB
:10BC9000C34608BF4FF0FF37002503919246884600
:10BCA00007E0019B53F8040B0193013C00284AD0A4
:10BCB0006546AF4235D9002C33D0DBF80030049311
:10BCC000DBF804300593019B02981A68D9F8E0600C
:10BCD0005B4606A9B047431C1CD000EB050CBC45D5
:10BCE00026D8039B002BDCD000280DDD08F1FF32A5
:10BCF000019E06A902EB000E11F8013B02F8013F7C
:10BD00007245F9D101968044DAF800200432CAF86D
:10BD10000020C6E7029B8A21002219600546CBF865
:10BD2000002028460BB0BDE8F08F00F58678ACE720
:10BD3000D846DDF810A0DDF814B02846C8E900ABFD
:10BD40000BB0BDE8F08F0399D84609B1CAF80000DE
:10BD50000CF1FF3500222846C8F800200BB0BDE8E2
:10BD6000F08F00BF10B584B0054C0698009007987E
:10BD70000190044800680294FFF77CFF04B010BDF6
:10BD8000780500200C0000200EB410B583B005AB80
:10BD9000064C53F8042B01930146206800F008F884
:10BDA00003B0BDE8104003B0704700BF0C00002096
:10BDB0002DE9F04FC5B00DF1500A834604911646A7
:10BDC0000021082250461C460B93F4F771FDBBF18D
:10BDD000000F04D0DBF83430002B00F05287049AB7
:10BDE000536EB2F90C20D90740F13D81970400F160
:10BDF000D485049942F4005223F400538A814B669F
:10BE000012B2130740F1BD80049B1B69002B00F0A8
:10BE1000B88002F01A030A2B00F0C2800023CDE99B
:10BE20001933CDE90E331BAADFF8AC980D931892A5
:10BE300017460793B0464546D9F8E440FEF724F884
:10BE4000CDF800A003462A4612A95846A04700286C
:10BE500000F0C580C0F2BB80129A252A034601D0AB
:10BE60001D44E9E7B5EB0806044640F0BC8000231A
:10BE700019468DF8433008934FF0FF326B780692E5
:10BE800005F10108039108F10108A3F120025A2AE3
:10BE900000F2FC80DFE812F08603FA00FA007F036C
:10BEA000FA00FA00FA005F03FA00FA001F023102FA
:10BEB000FA002A029803FA0091035B005B005B0022
:10BEC0005B005B005B005B005B005B00FA00FA005C
:10BED000FA00FA00FA00FA00FA00FA00FA00E501A6
:10BEE0003503FA00FA00FA00FA00FA00FA00FA0044
:10BEF000FA00FA00FA003702FA00FA00FA00B70175
:10BF0000FA001203FA00FA00EB05FA00FA00FA0050
:10BF1000FA00FA00FA00FA00FA00FA00FA00E50165
:10BF20007201FA00FA00FA00550372016E00FA007D
:10BF30003104FA0022040604B4036E00FA00B701CB
:10BF40006B007102FA00FA001C06FA006B00A3F104
:10BF500030020023194618F8013B01EB810102EB86
:10BF60004101A3F13002092AF5D908918DE798F82B
:10BF7000003088E7039B43F02003039398F80030D8
:10BF800081E7049D5846294601F01AFA002841F03D
:10BF90002380B5F90C2002F01A030A2B7FF43EAF80
:10BFA0000499B1F90E30002BFFF638AF4B6EDD0768
:10BFB00002D4900540F1BE87049923463246584684
:10BFC00001F03AF80790079845B0BDE8F08F0822D5
:10BFD00000215046F4F76CFC01231D442CE7B5EB1F
:10BFE0000806044610D01A9B33441A93199B013358
:10BFF000072BC7E90086199310DC0837079B3344E9
:10C000000793002C7FF433AF1A9B002B40F09C87E2
:10C01000049B0022B3F90C30199218E0049918AA75
:10C02000584601F04BF878B91BAFE7E7049918AA16
:10C03000584601F043F8002800F08C80099B1BB1A2
:10C0400009995846F4F772FD049BB3F90C30049A31
:10C05000526ED00740F188805B0600F13881079866
:10C0600045B0BDE8F08F900540F1218191047FF546
:10C07000C0AE9F047FF5C5AE049B9B899A0500F175
:10C080002681049B986DF4F7E3FC20E1002BBBD0E4
:10C0900001228DF8AC3000238DF8433009930A92C9
:10C0A00006932BAD0592DDE919C0039C14F08406BC
:10C0B0000146624626D1089B059C1C1B002C00F300
:10C0C00014849DF8433003B300260C9601320123FB
:10C0D00001317B60072A0DF14303CDE919213B6053
:10C0E00000F39B8308370C9B63B1013211AB023123
:10C0F0003B60072A4FF00203CDE919217B6000F372
:10C1000080830837802E00F00383069B0A981C1A50
:10C11000002C00F33B830A9B3D6001321944072A3F
:10C12000CDE919217B6000F361830837039B5C072D
:10C1300005D5089B059A9C1A002C00F37A83DDE94B
:10C14000073205988242ACBF9B181B180793002941
:10C150007FF46CAF00231993099B1BB109995846D2
:10C16000F4F7E4FC1BAF66E69A053FF575AF049C57
:10C17000A06DF4F76DFCB4F90C306DE7039B9B06E2
:10C1800040F128840B9B073323F007031A465B68B2
:10C1900052F8084B0B921E46002BC0F2C381069A40
:10C1A000002A07DB039B23F08003039354EA060372
:10C1B00000F0B0840A2C76F1000380F0028104F1D3
:10C1C0003003DBB2069A8DF80F31012A9DF8433017
:10C1D000B8BF01220592002B00F0D383059B0133E9
:10C1E000002505930123CDE909530DF20F15DDE973
:10C1F0001921039B13F08406084694463FF45BAF75
:10C2000000230C9362E70B9E00228DF8432056F822
:10C21000042B0992002A00F05D85532B00F09484D2
:10C22000039B13F0100440F08F84069A002AC0F29A
:10C23000658609982146F4F7D3F89DF84320099DB7
:10C24000002800F0AB86431B0A9323EAE3730593AF
:10C25000002A00F09D860133069405930B960994FD
:10C26000C5E70B9A432B02F1040403D0039BD906C4
:10C2700040F146840822002116A8F4F719FB0B9B15
:10C280002BAD1A68294616AB5846FFF7EBF9034663
:10C2900001330A9000F06B860A9B23EAE37305934F
:10C2A00000230B948DF8433009930693FBE6049D1D
:10C2B000A86DF4F7CBFBB5F90C206B6E95047FF5F8
:10C2C00098AD98047FF59DADD9077FF5D5AE4FF0B9
:10C2D000FF330793C3E60B9B53F8042B0892002A05
:10C2E00080F25683089A0B9352420892039B43F0C4
:10C2F0000403039398F80030C5E52B238DF84330F1
:10C3000098F80030BFE5039B9D0643F0100040F114
:10C3100077830B9B073323F007031A46596852F8BB
:10C32000083B0B9200228DF84320069A002AC0F2A7
:10C33000248320F49062039253EA010200F03183D7
:10C3400044AD03F00702DB0843EA4173C908303209
:10C3500053EA0104284605F8012DF2D1039B13F09E
:10C36000010340F09F82069A099344AB5B1B9A42FB
:10C37000B8BF1A460A93059295E603998E0600F116
:10C38000A38003990B9A11F0100652F8043B40F079
:10C390004083039911F0400100F0D3849CB2069BC6
:10C3A0008DF84360002B06DB039B23F0800303938F
:10C3B000002C00F03D830A2C76F100030B92FFF471
:10C3C000FEAE039B099703F480630020CDF8308014
:10C3D00044A9DDF8348005901F46CDF828B025E04B
:10C3E0000590A319BA4843F10003A0FB032C2CF0DD
:10C3F000030202EB9C029B1AE31A4FF0CC32A346D5
:10C40000B64602FB03F266F1000600FB0622A3FB20
:10C410000043BBF10A0F13444FEA54047EF1000EAF
:10C42000294644EAC3744FEA53062ED3059BA84A13
:10C4300001330593A31943F100031046A2FB032522
:10C4400025F0030202EB95029B1AE31AA3FB0032CC
:10C4500066F1000500FB05225B0843EAC27303EBAB
:10C460008303A4EB4303303301F8013C4D1E002F3E
:10C47000B7D0059898F800308342B1D1FF28AFD0EB
:10C480000A2C76F1000380F0808406999DF84330F1
:10C49000CDF8348044AA521B9142B8BF1146DDE961
:10C4A000097BDDF830800A920591002B00F00A84A8
:10C4B000059B013305930023099398E6039B43F002
:10C4C00010019B0640F1A3820B9B073323F0070367
:10C4D0001A465E6852F8084B0B9200238DF84330E1
:10C4E000069B002BC0F2F78221F08003039354EAED
:10C4F00006037FF45FAE069B002B00F09E820024B3
:10C500005DE6039A42F01003920600F19C820B9ABA
:10C5100004320B9903930C680B92E6173346002BF9
:10C52000BFF63DAE2D238DF84330069B644266EB8B
:10C530004606002BFFF63EAE039B23F080030393D9
:10C5400038E698F80030682B00F0F482039A42F045
:10C550004002039297E45846FDF79CFC43680F9312
:10C560001846F3F7CDFE0E9004465846FDF792FCB0
:10C57000826898F800300D92002C3FF484AC002AB9
:10C580003FF481AC1278002A3FF47DAC039A42F468
:10C590008062039277E4039B43F00103039398F8CE
:10C5A000003070E49DF8432098F80030002A7FF4B2
:10C5B0006AAC20228DF8432065E4039B43F080039E
:10C5C000039398F800305EE4404610F8013B2A2BB4
:10C5D00000F0F684A3F13002092A98BF002100F28E
:10C5E000AE8410F8013B01EB810102EB4101A3F1A4
:10C5F0003002092AF5D941EAE1720692804644E404
:10C600000B9C069D54F8043B002247F630019542EE
:10C61000ADF844108DF8432018461146C0F25E82F2
:10C62000039A0B9422F0800242F002020392002B44
:10C6300000F05B83274A03F00F030224D35C0594C8
:10C640008DF80F31030943EA0173080953EA111108
:10C6500000F0D0840DF20F1503F00F011B09515C9F
:10C6600005F8011D43EA0073000953EA0001F3D104
:10C6700044AB5B1B1A460A93069B9342B8BF134612
:10C68000059A002A00F0BA84DDE91921039C0233DF
:10C6900014F0840605930846944600F07C8200233B
:10C6A000099322E5039884063FF533AE03990B9A6C
:10C6B00011F0100152F8043B40F0B384039C14F0D5
:10C6C000400000F01E839BB20B9220462AE600BF7A
:10C6D000CDCCCCCC60D7000878050020039B990610
:10C6E00040F1B4810B9B079A1B681A60D2175A60FD
:10C6F0000B9B04330B93FFF79EBB98F800306C2B19
:10C7000000F00E82039A42F010020392FFF7BBBBC7
:10C71000089B05981C1A002C7FF7F7AC102CB64B21
:10C7200023DD38460C951026049D1F4604E0103C7E
:10C73000102C00F1080015DD01321031072AC0E984
:10C740000076CDE91921F2DD18AA2946584600F0F5
:10C75000B5FC00287FF472AC103C102CDDE91921E7
:10C760001BA8E9DC0C9D3B46074601322144072A01
:10C77000CDE919213B607C6000F39482069B0A9806
:10C780001C1A002C07F108077FF7C5AC102C9A4B38
:10C7900021DD384610261F4604E0103C102C00F125
:10C7A000080016DD0132944B1031072AC0E900362B
:10C7B000CDE91921F1DD049918AA584600F07EFC54
:10C7C00000287FF43BAC103C102CDDE919211BA89C
:10C7D000E8DC3B46074601322144072ACDE919210E
:10C7E0003B607C6000F3BC80083794E4049918AA8D
:10C7F000584600F063FC00287FF420AC1A991BAF68
:10C8000094E4049918AA584600F058FC00287FF4D4
:10C8100015ACDDE919211BAF74E4049918AA584638
:10C8200000F04CFC00287FF409ACDDE919211BAFB6
:10C8300059E4102C199B714E21DD3A4610253746DC
:10C84000049E04E0103C102C02F1080215DD0133B7
:10C850001031072BC2E90075CDE91931F2DD18AAB4
:10C860003146584600F02AFC00287FF4E7AB103C24
:10C87000102CDDE919311BAAE9DC3E4617460133CD
:10C880002144072BC7E90064CDE919317FF757AC84
:10C89000049918AA584600F011FC00287FF4CEAB8A
:10C8A0001A994CE4302A00F0F1813023069A05F8F9
:10C8B000013C023844AB1B1A9A42B8BF1A460A938D
:10C8C00005460592DDE91921039B13F0840608460D
:10C8D000944600F0A8839DF84330002B00F0A68317
:10C8E000002309930C93FFF7F1BB00230C93102C4A
:10C8F000424E624623DD394610232F46049D04E054
:10C90000103C102C01F1080117DD01321030072A0C
:10C91000C1E90063CDE91920F2DD18AA294658467D
:10C9200000F0CCFB00287FF489AB103C102CDDE933
:10C9300019201BA94FF01003E7DC3D460F460132DA
:10C940002118072ACDE919213E607C6000F36C8133
:10C950009DF843600837002E36D00026FFF7B6BB9F
:10C96000049918AA584600F0A9FB00287FF466AB8A
:10C97000DDE919211BAFFFF7CEBB20F480620392E3
:10C98000DEE4099301230A930DF20F15FFF78BBB29
:10C990000B9398F80030FFF776BA9D047FF531AA23
:10C9A00095E4069A002A7FF4CBAC10F001020592C0
:10C9B00000F0348130238DF80F31069B0A920993E1
:10C9C0000DF20F15FFF76FBB0C9B002B7FF48DABA7
:10C9D000FFF79BBB039B0B9ADE0652F8044B3FF517
:10C9E00098AD039B5D0640F1A18144F3C0360B92E4
:10C9F00024B23346FFF7D0BB1CDB00082CDB000859
:10CA00000B9B1A1D0B9B0B921B6800218AE40B9B4E
:10CA10001A1D0B9B06981B680026B0428DF84360D8
:10CA20001C4657DB21F080010391002B7FF4C3AC3F
:10CA3000069B0B92002B7FF462AD0A93059309933A
:10CA400044ADFFF730BB0393FFF79CBB039BDA06B3
:10CA500000F13B81039B5B0600F13D82039B9E0539
:10CA600040F133810B9B079A1B681A7040E6AC4A71
:10CA7000039911F0200100F0B2800B99073121F0E9
:10CA8000070108460446496854F8080B0B94039EB6
:10CA900016F00105059500F0888050EA010440F089
:10CAA000D98000238DF84330069B002BC0F2B28161
:10CAB000039B23F49063039300F0068213788DF8B0
:10CAC0000F31059B0A93069B05930DF20F15F9E6AE
:10CAD000944ACDE70B920391FFF76CBB03990B943B
:10CAE00041F002010391104603F00F018D4A1B092A
:10CAF000515C8DF80F1100F0838202210591A9E5A8
:10CB00000B9B1B688DF8AC30012305930A932BAD6A
:10CB1000FFF7C6BB002A00F0CC813023FFF752BBE1
:10CB2000039B43F02003039308F1010898F80030B9
:10CB3000FFF7A9B9039B43F40073039308F10108BD
:10CB400098F80030FFF79FB9099B13930822002142
:10CB500016A8F3F7ADFE069B002BC0F265810024FA
:10CB6000059725461F460EE02BA95846FEF77AFD8D
:10CB7000411C284400F0FB81B84209DC04F10404A4
:10CB800000F004820546139A125916AB002AEBD125
:10CB9000059F069557E1089C059B0996E41A002C11
:10CBA0007FF7A3AA02230C93A1E6059B8DF84330DF
:10CBB000069B002B27DB039B23F49063039350EA2F
:10CBC00001035AD10699002900F0648113788DF889
:10CBD0000F31012305910A930DF20F1572E60B9C9C
:10CBE00054F8040B0B94039C14F010047FF44FAF23
:10CBF000039911F0400100F0C18080B2214646E760
:10CC000043F002030393039C00F00F0304F00205BA
:10CC100024F48064D35C0595039411E5069B44AD30
:10CC2000CDE90933FFF73FBA049918AA584600F036
:10CC300045FA064600287FF401AA9DF84330DDE955
:10CC40001921002B68D10C9B1BAF002B7FF44DAA40
:10CC5000FFF75BBA8DF8453030238DF84430002360
:10CC60008DF84330069B002B039BC9DB23F49063B4
:10CC700043F0020303930223059300F00F03D35CF8
:10CC8000DEE45846F3F780FDFFF7A9B8069A44ABF7
:10CC90005B1B9A42B8BF1A460A9300230592099378
:10CCA000FFF701BA049918AA584600F007FA0028BD
:10CCB0007FF4C4A9DDE919211BAFFFF726BA099D4E
:10CCC00006930B960993FFF7EEB90B9B079A1B6827
:10CCD0001A600DE5069B144D0B96062B28BF062304
:10CCE00005930A930692FFF7DEB9002D00F0EE805F
:10CCF000302301228DF80F310A922B460DF20F15C9
:10CD0000C2E4039C14F4007100F0F4800146DBB22D
:10CD10000B922046FFF706BB1BAFFFF7D7B900BF4A
:10CD200074D7000860D7000888D70008039B0B92CF
:10CD300098054ABF44F3C016E61764B23346FFF7BE
:10CD40002BBA039810F4007640F0CA8006998DF84B
:10CD5000436000291C46FFF62EAB039820F08000AC
:10CD60000390002B7FF427AB0B9200297FF4C7AB15
:10CD70000A910591099144ADFFF795B9039C14F40C
:10CD8000007414BFC0B2214681E60E9A0F99AD1A05
:10CD90002846FDF745F898F801300BB108F1010875
:10CDA000A44AA31943F10003A2FB030C2CF00300D7
:10CDB00000EB9C001B1AE31A4FF0CC3166F1000621
:10CDC00003FB01F102FB0611A3FB023001445B08E7
:10CDD00043EAC1744E08A31943F10003A2FB0310F8
:10CDE00020F0030101EB90015B1AE31AA3FB02316F
:10CDF00066F1000002FB00125B0843EAC27303EB1A
:10CE00008303A4EB4303303305F8013C0120013DCB
:10CE1000FFF730BB13788DF80F3126F480630A9545
:10CE200003930DF20F154DE516AB00930023194641
:10CE300013AA5846FEF73CFC03460133069000F067
:10CE40009680099B1393069B43B3632B6ADC0023F4
:10CE500009932BAD0822002116A8F3F729FD069CA3
:10CE600016AB009313AA234629465846FEF720FC2A
:10CE7000844240F0CF80069900236B5421EAE1728E
:10CE800005929DF84320002A68D1CDE90A16069242
:10CE9000FFF709B9069B0A9344AD13E59DF84330AB
:10CEA000099D0B96003B18BF01230593069B0A932F
:10CEB00008E59DF843303BB1069BCDE909330123DA
:10CEC00044AD0593FFF793B9069BB6E5069B0A931D
:10CED00044ADFFF7D9BB0B9B079A1B681A8007E488
:10CEE000DCB2069B8DF84310002B0E46BFF65CAA01
:10CEF000FFF761BA03980B92FFF714BA099D284611
:10CF0000F3F7FEF99DF843300A9020EAE0720592AB
:10CF1000002B3FF4D4AE0132069405920B9609948F
:10CF2000FFF765B9591C5846F3F7F8FE0546F0B10E
:10CF300009908FE7886DF3F78BFDFFF73DB800226E
:10CF400080460692FEF7A1BF049918AA584600F041
:10CF5000B5F800283FF45CA8FFF776B8069A0A9265
:10CF6000059A0B96013205920693FFF740B9049893
:10CF7000B0F90C30426E43F04001D20781813FF599
:10CF8000A6A999053FF5A3A9FFF7F1B8059F5AE7B0
:10CF9000099D06920B960992FFF785B842B1069A51
:10CFA0000B96511C05910A9206900990FFF71FB944
:10CFB000069B09920B960A9305930692FFF773B8A6
:10CFC0000B9A98F8013052F8041B0B9241EAE17178
:10CFD00080460691FEF757BF049A536EDF073FF570
:10CFE00076A993899E053FF572A9906DF3F730FD00
:10CFF000FFF76DB90DF20F15FFF73ABB059361E42A
:10D00000069B0122012BB8BF01230DF20F150A92D6
:10D01000FFF73ABB049A938943F040039381FFF7EB
:10D020000DB80398EEE40996FFF745B80993FFF7AA
:10D0300069B800BFCDCCCCCC2DE9F04198468B89A6
:10D04000ADF58D6D23F00203ADF80C301AAB0093F3
:10D0500004934FF48063029305934B6E1993CB892D
:10D06000ADF80E30CB6907934B6A0993164600233F
:10D07000074616A80D460693F3F7E4FC32464346EE
:10D0800069463846FEF794FE061E6C4607DB694685
:10D090003846F4F715FA002818BF4FF0FF36A38979
:10D0A0005B0603D5AB8943F04003AB81A06DF3F77A
:10D0B000CBFC30460DF58D6DBDE8F081936810B561
:10D0C00014461BB918460023636010BD00F006F833
:10D0D0000023A3600023636010BD00BF9368002B92
:10D0E00000F0B6802DE9F04FB1F90CC01CF0080F2C
:10D0F00083B0174680460C4627D00B692BB31CF033
:10D1000002033D682DD04FF0000ADFF8B0B256465A
:10D11000B9465E453346524628BF5B464046002E20
:10D1200000F08580E169676AB847002840F388808D
:10D13000D9F808301B1A8244361AC9F80830002B77
:10D14000E7D1002003B0BDE8F08F2146404600F053
:10D1500037F9002879D1B4F90CC03D681CF00203FE
:10D16000D1D11CF0010975D14E460097002E5AD03E
:10D170001CF4007F2068D4F808B000F0B180B345FB
:10D180005A4600F2DF801CF4906F32D02369626946
:10D19000A0EB030A02EB420202EBD2720AF1010198
:10D1A00052103144914292BF93468B460A461CF47A
:10D1B000806F00F0E58011464046F3F7AFFD002890
:10D1C00000F0F580524621690190F3F759F9A289E0
:10D1D000019B22F4906242F08002A28103EB0A00DC
:10D1E0002361ABEB0A03C4F814B0A3602060B3461C
:10D1F000324649460192FEF7C7FAA368019AA3EBAB
:10D200000B012368A1601344B24623600026009AF4
:10D210009368A3EB0A03D1449360002B91D0B4F937
:10D220000CC0002EA4D1D5E9009608359EE7D5E9BB
:10D2300000A608356DE721464046F4F741F970B382
:10D24000B4F90C3043F04003A3814FF0FF3079E78D
:10D25000002070471E46BA469946184600951F465C
:10D260005EB3002831D04A46D4E904132068B242A4
:10D2700028BF3246884204D9A16803EB010B5A4506
:10D2800070DC934261DCE169656A3A464046A84732
:10D29000B0F1000BD4DDB9EB0B09CCD00120DAF8EA
:10D2A0000830A3EB0B035F44A6EB0B06CAF808306B
:10D2B000002B3FF446AF002ED3D1009A5668134698
:10D2C00008320092002EF8D01F6832460A213846F4
:10D2D000F3F786F8002867D00130A0EB0709C2E712
:10D2E0002369834216D36269B24213D86FF00043B8
:10D2F000B34228BF3346E16993FBF2F3676A02FB4E
:10D3000003F340464A46B847B0F1000A98DDA6EB61
:10D310000A067CE7B345DA4628BFB246524649467C
:10D32000FEF732FAA3682268A3EB0A035244A36013
:10D330002260002BEBD121464046F4F7C1F80028CB
:10D34000E5D07DE7B346324653E739460192FEF712
:10D350001BFA019AA3689B1AA360236813442360F5
:10D36000934698E739465A46FEF70EFA23685B441F
:10D37000236021464046F4F7A3F800288BD05FE7EE
:10D3800019464046FEF7D2FA034600287FF426AF3E
:10D3900021694046F3F7CAFBB4F90C300C22C8F8F7
:10D3A000002023F080034DE7721C91465CE70C22BD
:10D3B000B4F90C30C8F8002044E700BF00FCFF7F40
:10D3C00038B53D4B1B6805460C4613B15A6B002A15
:10D3D0005AD0B4F90C3019070BD522699AB113F061
:10D3E000010221D19B075ABF6369A360A26000209C
:10D3F00038BDDA0658D558071CD4226943F0080313
:10D40000A381002AEBD1990528D5180603F08001E5
:10D4100024D4D80741D49D073CD5A2600029E6D08A
:10D4200043F04003A38144E0636900225B42A260B1
:10D43000A361DCE7216B51B104F14002914204D0B9
:10D440002846F3F773FBB4F90C30002222632269FB
:10D450000021C4E9002123F02403CFE72146284618
:10D4600000F034F8B4F90C30226913F001010FD048
:10D47000616900204942A060A161002AB7D103F090
:10D4800080010029B3D0CBE71846F3F77DF9A0E778
:10D49000980700D46169A160EFE76069A26040422B
:10D4A000A0610029A3D0BBE7092243F040032A6012
:10D4B000A3814FF0FF3038BD0C00002008B50620D6
:10D4C00000F06CF80120FAF7FBF900BF70B5B1F974
:10D4D0000C300C46990796B007D504F1430301229E
:10D4E000C4E90432236016B070BDB4F90E100029EF
:10D4F00005462BDB6A4600F07DF8002824DB4FF45C
:10D5000080612846019EF3F709FCB4F90C30A0B302
:10D5100006F4704643F080034FF48062B6F5005F76
:10D52000A38120602061626135D1B4F90E102846D4
:10D5300000F076F8B4F90C3068B323F0030343F03D
:10D5400001034FF4006214E0B4F90C3013F0800FC3
:10D550000CBF4FF48066402631462846F3F7DEFBC9
:10D56000B4F90C3048B1C4E9040643F080032060EC
:10D5700000221343A38116B070BD9A05B3D423F0E3
:10D58000030304F1430243F002030121C4E904212F
:10D59000A3812260A7E74FF40062EAE738B5144B95
:10D5A0001F281D681ED8D5F83821044662B152F8EC
:10D5B00020304BB1012B05D0591C0FD0002142F86F
:10D5C00020109847002038BD284600F051F8224628
:10D5D00001462846BDE8384000F034B816232B60D9
:10D5E000012038BD16232B604FF0FF3038BD00BF3F
:10D5F0000C00002070B50C46084D0346002620465E
:10D6000011461C462E60FAF7ABF9431C00D070BDE2
:10D610002B68002BFBD0236070BD00BF3C080020AE
:10D6200038B5074D0022044608462A60FAF7A8F9E3
:10D63000431C00D038BD2B68002BFBD0236038BDC5
:10D640003C08002070B50C46084D034600262046D5
:10D6500011461C462E60FAF723F9431C00D070BD1A
:10D660002B68002BFBD0236070BD00BF3C0800205E
:10D67000FAF70EB9F8B500BFF8BC08BC9E46704773
:0CD68000F8B500BFF8BC08BC9E4670471F
:10D690005350493A2054583D3078253032582C2088
:10D6A00052583D3078253032580D0A005379737442
:10D6B000656D205374617274210D0A002D2D2D2D7E
:10D6C0002D2D2D2D53797374656D205374617274F3
:10D6D000210D0A0063757272656E745F7541203AA0
:10D6E000252E3666202075410D0A00006375727282
:10D6F000656E745F6D41203A252E366620766F6C1C
:10D70000746167655F73756D2020252E3666202055
:10D710006D410D0A00000000010002000400060037
:10D7200008000A000C0010002000400080000001EA
:10D7300001010103070100000804020408010101BE
:10D7400000000000010203040102030406070809A7
:10D75000494E4600696E66004E414E006E616E0095
:10D760003031323334353637383961626364656657
:10D770000000000030313233343536373839414219
:10D780004344454600000000286E756C6C2900007B
:10D79000300000002E0000004C435F434F4C4C41D2
:10D7A000544500004C435F4354595045000000006D
:10D7B0004C435F4D4F4E4554415259004C435F4ED0
:10D7C000554D4552494300004C435F54494D450077
:10D7D0004C435F4D4553534147455300496E66697D
:10D7E0006E697479000000004E614E0042616C6CFD
:10D7F0006F63207375636365656465640000000092
:10D800002F646174612F6A656E6B696E732F776F19
:10D81000726B73706163652F474E552D746F6F6C1B
:10D82000636861696E2F61726D2D31342F7372637D
:10D830002F6E65776C69622D63796777696E2F6EDD
:10D8400065776C69622F6C6962632F7374646C69AD
:10D85000622F64746F612E63000000002F64617496
:10D86000612F6A656E6B696E732F776F726B737061
:10D870006163652F474E552D746F6F6C63686169E6
:10D880006E2F61726D2D31342F7372632F6E657739
:10D890006C69622D63796777696E2F6E65776C6945
:10D8A000622F6C6962632F7374646C69622F6D7090
:10D8B0007265632E630000002C2066756E637469C8
:10D8C0006F6E3A2000000000617373657274696FB7
:10D8D0006E2022257322206661696C65643A206699
:10D8E000696C6520222573222C206C696E652025C9
:10D8F00064257325730A000030303030303030300A
:10D900003030303030303030202020202020202097
:10D9100020202020202020200500000019000000E9
:10D920007D000000000000000080E03779C3414323
:10D93000176E05B5B5B89346F5F93FE9034F384D75
:10D94000321D30F94877825A3CBF737FDD4F157521
:10D95000000000000000F03F000000000000244034
:10D9600000000000000059400000000000408F400F
:10D97000000000000088C34000000000006AF8407A
:10D980000000000080842E4100000000D01263419E
:10D990000000000084D797410000000065CDCD4114
:10D9A000000000205FA00242000000E876483742F5
:10D9B000000000A2941A6D42000040E59C30A24293
:10D9C0000000901EC4BCD64200003426F56B0C4308
:10D9D0000080E03779C3414300A0D88557347643AF
:10D9E00000C84E676DC1AB43003D9160E458E14310
:10D9F000408CB5781DAF154450EFE2D6E41A4B4485
:10DA000092D54D06CFF08044F64AE1C7022DB544C9
:10DA1000B49DD9794378EA4400202020202020209A
:10DA200020202828282828202020202020202020CE
:10DA300020202020202020202088101010101010DE
:10DA4000101010101010101010040404040404042A
:10DA500004040410101010101010414141414141C4
:10DA600001010101010101010101010101010101A6
:10DA700001010101101010101010424242424242B6
:10DA80000202020202020202020202020202020276
:10DA9000020202021010101020000000000000001E
:10DAA0000000000000000000000000000000000076
:10DAB0000000000000000000000000000000000066
:10DAC0000000000000000000000000000000000056
:10DAD0000000000000000000000000000000000046
:10DAE0000000000000000000000000000000000036
:10DAF0000000000000000000000000000000000026
:10DB00000000000000000000000000000000000015
:10DB10000000000000000000000000003030303045
:10DB20003030303030303030303030302020202035
:0CDB300020202020202020202020202069
:08DB3C00C427FF7F0100000077
:08DB4400550A00081D06000847
:04DB4C00F5050008D3
:10DB5000000000000300000000070020100000206B
:10DB6000000000000007002068070020D007002008
:10DB700000000000000000000000000000000000A5
:10DB80000000000000000000000000000000000095
:10DB90000000000000000000000000000000000085
:10DBA0000000000000000000000000000000000075
:10DBB0000000000000000000000000000000000065
:10DBC0000000000000000000000000000000000055
:10DBD0000000000000000000000000000000000045
:10DBE0000000000000000000000000000000000035
:10DBF0000000000000000000010000000000000024
:10DC00000E33CDAB34126DE6ECDE05000B000000E8
:10DC10000000000000000000000000000000000004
:10DC200000000000000000000000000000000000F4
:10DC300000000000000000000000000000000000E4
:10DC400000000000000000000000000000000000D4
:10DC500000000000000000000000000000000000C4
:10DC600000000000000000000000000000000000B4
:10DC700000000000000000000000000000000000A4
:10DC80000000000000000000000000000000000094
:10DC90000000000000000000000000000000000084
:10DCA00044080020FFFFFFFF00000200000000000A
:10DCB0000000000000000000600100206001002062
:10DCC0006801002068010020700100207001002020
:10DCD00078010020780100208001002080010020D0
:10DCE0008801002088010020900100209001002080
:10DCF0009801002098010020A0010020A001002030
:10DD0000A8010020A8010020B0010020B0010020DF
:10DD1000B8010020B8010020C0010020C00100208F
:10DD2000C8010020C8010020D0010020D00100203F
:10DD3000D8010020D8010020E0010020E0010020EF
:10DD4000E8010020E8010020F0010020F00100209F
:10DD5000F8010020F801002000020020000200204D
:10DD600008020020080200201002002010020020FB
:10DD700018020020180200202002002020020020AB
:10DD8000280200202802002030020020300200205B
:10DD9000380200203802002040020020400200200B
:10DDA00048020020480200205002002050020020BB
:10DDB000580200205802002060020020600200206B
:10DDC000680200206802002070020020700200201B
:10DDD00078020020780200208002002080020020CB
:10DDE000880200208802002090020020900200207B
:10DDF0009802002098020020A0020020A00200202B
:10DE0000A8020020A8020020B0020020B0020020DA
:10DE1000B8020020B8020020C0020020C00200208A
:10DE2000C8020020C8020020D0020020D00200203A
:10DE3000D8020020D8020020E0020020E0020020EA
:10DE4000E8020020E8020020F0020020F00200209A
:10DE5000F8020020F8020020000300200003002048
:10DE600008030020080300201003002010030020F6
:10DE700018030020180300202003002020030020A6
:10DE80002803002028030020300300203003002056
:10DE90003803002038030020400300204003002006
:10DEA00048030020480300205003002050030020B6
:10DEB0005803002058030020600300206003002066
:10DEC0006803002068030020700300207003002016
:10DED00078030020780300208003002080030020C6
:10DEE0008803002088030020900300209003002076
:10DEF0009803002098030020A0030020A003002026
:10DF0000A8030020A8030020B0030020B0030020D5
:10DF1000B8030020B8030020C0030020C003002085
:10DF2000C8030020C8030020D0030020D003002035
:10DF3000D8030020D8030020E0030020E0030020E5
:10DF4000E8030020E8030020F0030020F003002095
:10DF5000F8030020F8030020000400200004002043
:10DF600008040020080400201004002010040020F1
:10DF700018040020180400202004002020040020A1
:10DF80002804002028040020300400203004002051
:10DF90003804002038040020400400204004002001
:10DFA00048040020480400205004002050040020B1
:10DFB0005804002058040020600400206004002061
:10DFC0006804002068040020700400207004002011
:10DFD00078040020780400208004002080040020C1
:10DFE0008804002088040020900400209004002071
:10DFF0009804002098040020A0040020A004002021
:10E00000A8040020A8040020B0040020B0040020D0
:10E01000B8040020B8040020C0040020C004002080
:10E02000C8040020C8040020D0040020D004002030
:10E03000D8040020D8040020E0040020E0040020E0
:10E04000E8040020E8040020F0040020F004002090
:10E05000F8040020F804002000050020000500203E
:10E0600008050020080500201005002010050020EC
:10E07000180500201805002020050020200500209C
:10E08000280500202805002030050020300500204C
:10E0900038050020380500204005002040050020FC
:10E0A00048050020480500205005002050050020AC
:10E0B0005805002058050020100000000100000055
:10E0C0000090D0030090D003430000000000000047
:10E0D0000000000000000000000000000000000040
:10E0E00000000000000000004300000000000000ED
:10E0F0000000000000000000000000000000000020
:10E1000000000000000000004300000000000000CC
:10E1100000000000000000000000000000000000FF
:10E1200000000000000000004300000000000000AC
:10E1300000000000000000000000000000000000DF
:10E14000000000000000000043000000000000008C
:10E1500000000000000000000000000000000000BF
:10E16000000000000000000043000000000000006C
:10E17000000000000000000000000000000000009F
:10E18000000000000000000043000000000000004C
:10E19000000000000000000000000000000000007F
:10E1A000000000000000000049B6000865AE00084D
:10E1B0000000000018DA000894D70008C4D800084E
:10E1C000C4D80008C4D80008C4D80008C4D80008BF
:10E1D000C4D80008C4D80008C4D80008C4D80008AF
:10E1E000FFFFFFFFFFFFFFFFFFFFFFFFFFFF00003D
:10E1F00001004153434949000000000000000000B5
:10E20000000000000000000000000000000000000E
:10E210000000415343494900000000000000000095
:10E2200000000000000000000000000000000000EE
:04E2300000000000EA
:04000005080079B1C5
:00000001FF
